condition,seed,n,never_departed,latency_median_s,latency_p90_s,deg_step_all,deg_step_success,duration_success_s,n_success,start_pan,start_wrist_flex,start_gripper,fail_frames_min,fail_frames_median
clean,1000,91.0,4.0,6.63,18.768,0.773,0.776,19.65,55.0,1.14,75.74,1.92,408.0,1147.0
clean,2000,91.0,7.0,6.885,26.478,0.767,0.778,21.525,49.0,0.0,75.74,2.25,449.0,1151.0
color,1000,75.0,0.0,1.03,2.726,0.809,0.887,13.404,53.0,0.62,75.91,1.99,1115.0,1151.0
color,2000,75.0,0.0,1.57,3.018,0.821,0.887,13.48,56.0,-0.44,76.26,2.58,1123.0,1151.0
color-slowpace,1000,30.0,2.0,5.165,24.951,0.835,0.829,22.375,24.0,0.97,75.82,2.715,1147.0,1149.5
density,1000,45.0,0.0,0.63,1.22,0.923,0.943,13.361,30.0,-1.05,72.04,1.59,1116.0,1146.0
density10,1000,66.0,0.0,0.6,1.765,0.645,0.75,18.055,28.0,2.81,65.36,2.98,1094.0,1120.5
density10,2000,66.0,0.0,0.785,1.465,0.624,0.716,17.649,25.0,3.69,70.99,2.98,1074.0,1120.0
density25,1000,66.0,0.0,1.17,3.05,0.55,0.647,15.483,30.0,3.295,66.77,3.38,1110.0,1146.5
density25,2000,66.0,0.0,1.185,2.45,0.575,0.664,14.725,37.0,3.78,70.29,3.71,1051.0,1135.0
density25-fixedstep,1000,61.0,0.0,1.63,2.73,0.965,1.11,15.333,14.0,2.73,69.05,3.71,1001.0,1150.0
density5,1000,66.0,0.0,0.715,2.035,0.874,0.967,18.594,21.0,2.11,64.485,2.19,358.0,1101.0
density5,2000,66.0,0.0,1.0,2.25,0.852,0.919,18.374,23.0,3.08,72.04,2.58,1067.0,1139.0
density50,1000,66.0,0.0,1.93,6.715,0.563,0.634,20.219,35.0,3.69,67.865,3.51,1081.0,1141.0
density50,2000,66.0,0.0,2.065,6.585,0.58,0.646,17.472,38.0,3.52,69.58,3.11,1136.0,1151.0
density50-fixedstep,1000,61.0,0.0,1.5,2.3,0.984,1.142,16.184,15.0,3.08,68.35,4.5,1006.0,1150.0
randomized,1000,115.0,11.0,2.62,12.069,0.842,0.888,19.552,16.0,1.67,74.86,2.25,788.0,1145.0
randomized,2000,75.0,18.0,8.13,28.252,0.876,0.903,23.141,13.0,0.0,75.38,1.85,1145.0,1151.0
randomized-runpod,1000,15.0,0.0,0.83,0.918,0.853,0.798,16.267,1.0,5.98,66.86,5.89,1149.0,1151.0
recovery,1000,75.0,3.0,3.215,10.01,0.862,0.915,17.737,39.0,0.97,75.74,2.25,1127.0,1151.0
recovery,2000,75.0,5.0,2.15,11.557,0.808,0.867,21.114,31.0,0.0,75.91,1.92,1136.0,1150.5
