condition,seed,cell,n,never_departed,latency_median_s,latency_p90_s,deg_step_all,deg_step_success,duration_success_s,n_success,start_pan,start_wrist_flex,start_gripper,fail_frames_min,fail_frames_median
clean,1000,different_object,15.0,0.0,7.3,18.89,0.759,0.759,22.416,15.0,1.14,75.21,2.58,,
clean,1000,distractors,15.0,0.0,3.33,8.174,0.787,0.788,17.89,13.0,2.02,76.26,1.92,408.0,778.5
clean,1000,in_distribution,15.0,0.0,2.53,6.594,0.778,0.778,16.749,15.0,0.79,75.74,1.59,,
clean,1000,near_1in,8.0,1.0,11.43,29.71,0.768,,,0.0,1.45,75.91,3.11,1146.0,1148.5
clean,1000,near_2in,8.0,1.0,10.17,23.608,0.779,,,0.0,2.99,74.33,3.58,1142.0,1148.0
clean,1000,new_positions,15.0,2.0,9.77,19.756,0.76,,,0.0,0.0,76.79,1.85,1062.0,1143.0
clean,1000,reduced_lighting,15.0,0.0,6.9,18.786,0.776,0.783,21.725,12.0,1.05,73.8,1.59,1151.0,1151.0
clean,2000,different_object,15.0,2.0,15.7,28.55,0.78,0.777,29.139,12.0,-0.53,76.79,1.52,1151.0,1151.0
clean,2000,distractors,15.0,0.0,2.43,5.008,0.788,0.79,17.59,10.0,-0.44,77.32,1.92,449.0,1151.0
clean,2000,in_distribution,15.0,0.0,4.07,7.886,0.78,0.78,17.524,15.0,0.62,75.74,1.52,,
clean,2000,near_1in,8.0,0.0,4.8,7.77,0.733,0.786,18.4,3.0,1.71,75.035,3.31,1147.0,1148.0
clean,2000,near_2in,8.0,0.0,12.135,34.671,0.783,,,0.0,4.13,73.1,4.105,1131.0,1149.0
clean,2000,new_positions,15.0,4.0,15.7,29.43,0.734,,,0.0,-0.09,74.15,2.52,1148.0,1151.0
clean,2000,reduced_lighting,15.0,1.0,8.415,27.14,0.756,0.761,23.456,9.0,0.0,74.68,2.52,1149.0,1151.0
color,1000,different_object,15.0,0.0,1.57,2.514,0.895,0.895,12.976,15.0,1.58,76.79,2.05,,
color,1000,distractors,15.0,0.0,0.9,1.566,0.869,0.902,13.667,13.0,0.53,75.82,1.59,1151.0,1151.0
color,1000,in_distribution,15.0,0.0,0.83,1.812,0.851,0.875,13.892,13.0,0.09,75.74,1.99,1146.0,1147.0
color,1000,new_positions,15.0,0.0,2.37,9.612,0.597,,,0.0,1.58,77.05,2.65,1115.0,1151.0
color,1000,reduced_lighting,15.0,0.0,0.7,1.188,0.834,0.875,13.125,12.0,0.53,75.82,1.59,1151.0,1151.0
color,2000,different_object,15.0,0.0,1.47,2.034,0.881,0.881,12.878,15.0,-0.97,77.76,1.66,,
color,2000,distractors,15.0,0.0,2.07,3.25,0.889,0.889,14.531,15.0,0.09,76.53,3.25,,
color,2000,in_distribution,15.0,0.0,1.2,2.11,0.851,0.888,13.511,12.0,-0.97,77.23,1.59,1148.0,1150.0
color,2000,new_positions,15.0,0.0,2.27,4.048,0.61,,,0.0,1.49,75.12,2.65,1123.0,1151.0
color,2000,reduced_lighting,15.0,0.0,1.23,2.53,0.872,0.892,12.974,14.0,-0.62,74.15,2.58,1151.0,1151.0
color-slowpace,1000,different_object,15.0,0.0,4.23,17.412,0.839,0.837,22.079,14.0,0.44,75.82,2.85,1151.0,1151.0
color-slowpace,1000,in_distribution,15.0,2.0,7.43,26.502,0.83,0.817,22.79,10.0,0.97,76.53,2.52,1147.0,1149.0
density,1000,in_distribution,15.0,0.0,0.47,0.67,0.938,0.938,13.5,15.0,-1.14,52.97,1.46,,
density,1000,new_positions,15.0,0.0,0.97,2.188,0.881,,,0.0,-1.05,72.04,1.85,1116.0,1146.0
density,1000,trained_t2,15.0,0.0,0.6,0.718,0.948,0.948,13.222,15.0,-0.62,72.22,1.52,,
density10,1000,distractors,15.0,0.0,0.47,0.6,0.675,0.751,20.819,9.0,4.04,63.16,1.85,1148.0,1151.0
density10,1000,in_distribution,15.0,0.0,0.53,0.618,0.734,0.766,14.879,13.0,2.55,61.49,1.39,1143.0,1146.5
density10,1000,new_positions,25.0,0.0,1.27,2.292,0.566,,,0.0,2.11,69.05,2.98,1094.0,1104.0
density10,1000,reach_e5,5.0,0.0,0.5,0.932,0.612,,,0.0,5.27,68.44,5.76,1149.0,1151.0
density10,1000,spot_check,6.0,0.0,0.57,0.75,0.712,0.712,20.789,6.0,3.735,65.36,3.97,,
density10,2000,distractors,15.0,0.0,0.73,1.186,0.566,0.663,25.347,5.0,1.49,70.99,2.98,1108.0,1150.0
density10,2000,in_distribution,15.0,0.0,0.8,1.102,0.716,0.739,14.077,13.0,3.69,70.99,2.45,1150.0,1150.5
density10,2000,new_positions,25.0,0.0,1.03,2.114,0.586,0.705,25.0,1.0,3.69,71.69,2.98,1074.0,1101.0
density10,2000,reach_e5,5.0,0.0,0.63,0.994,0.597,,,0.0,7.82,67.56,6.82,1150.0,1150.0
density10,2000,spot_check,6.0,0.0,0.715,0.785,0.713,0.713,17.75,6.0,1.845,67.035,4.7,,
density25,1000,distractors,15.0,0.0,0.57,0.688,0.514,0.658,15.827,5.0,3.69,62.64,2.98,1140.0,1151.0
density25,1000,in_distribution,15.0,0.0,0.53,0.588,0.638,0.638,14.071,15.0,2.2,62.55,1.39,,
density25,1000,new_positions,25.0,0.0,1.67,7.75,0.478,,,0.0,3.16,68.44,3.71,1110.0,1136.0
density25,1000,reach_e5,5.0,0.0,1.9,3.308,0.654,0.681,17.592,4.0,5.8,68.44,5.83,1151.0,1151.0
density25,1000,spot_check,6.0,0.0,1.6,2.2,0.635,0.635,17.322,6.0,3.69,66.77,3.58,,
density25,2000,distractors,15.0,0.0,0.73,1.048,0.651,0.686,13.908,13.0,2.64,70.2,1.92,1151.0,1151.0
density25,2000,in_distribution,15.0,0.0,1.03,2.094,0.655,0.655,14.344,15.0,2.81,72.22,1.79,,
density25,2000,new_positions,25.0,0.0,1.5,2.572,0.464,,,0.0,5.27,70.46,3.71,1051.0,1134.0
density25,2000,reach_e5,5.0,0.0,2.17,2.962,0.569,0.63,18.089,3.0,5.98,67.91,6.69,1149.0,1150.0
density25,2000,spot_check,6.0,0.0,0.82,1.28,0.655,0.655,15.767,6.0,2.64,68.35,3.97,,
density25-fixedstep,1000,distractors,15.0,0.0,1.43,2.348,0.837,,,0.0,1.14,67.47,3.71,1001.0,1101.0
density25-fixedstep,1000,in_distribution,15.0,0.0,1.97,2.792,1.013,1.096,15.537,9.0,2.55,71.52,1.39,1151.0,1151.0
density25-fixedstep,1000,new_positions,25.0,0.0,1.6,3.154,0.978,,,0.0,6.86,69.05,4.77,1134.0,1151.0
density25-fixedstep,1000,spot_check,6.0,0.0,1.03,1.55,1.11,1.135,14.967,5.0,2.86,69.58,2.75,1151.0,1151.0
density5,1000,distractors,15.0,0.0,0.43,0.53,0.815,0.956,31.133,4.0,2.99,63.69,1.79,358.0,1149.0
density5,1000,in_distribution,15.0,0.0,0.5,0.63,0.954,0.983,14.177,13.0,2.02,60.44,1.46,1149.0,1150.0
density5,1000,new_positions,25.0,0.0,1.63,2.522,0.843,,,0.0,1.14,69.58,2.25,919.0,1004.0
density5,1000,reach_e5,5.0,0.0,1.1,1.28,0.945,,,0.0,6.33,67.91,6.56,1150.0,1151.0
density5,1000,spot_check,6.0,0.0,0.68,0.77,0.889,0.927,20.408,4.0,3.6,64.31,3.18,1151.0,1151.0
density5,2000,distractors,15.0,0.0,0.67,0.818,0.752,0.881,32.058,4.0,2.46,72.04,2.58,1139.0,1150.0
density5,2000,in_distribution,15.0,0.0,0.93,1.088,0.927,0.927,15.098,15.0,4.22,69.93,3.18,,
density5,2000,new_positions,25.0,0.0,1.8,3.766,0.846,,,0.0,3.08,72.22,2.19,1067.0,1118.0
density5,2000,reach_e5,5.0,0.0,1.6,2.058,0.92,,,0.0,7.38,67.03,7.35,1142.0,1148.0
density5,2000,spot_check,6.0,0.0,0.915,1.63,0.876,0.928,16.975,4.0,1.01,67.735,3.97,1130.0,1139.5
density50,1000,distractors,15.0,0.0,0.57,1.37,0.553,0.611,20.488,11.0,2.81,63.16,2.85,1146.0,1148.5
density50,1000,in_distribution,15.0,0.0,3.73,14.626,0.627,0.641,19.405,14.0,2.11,63.69,1.39,1151.0,1151.0
density50,1000,new_positions,25.0,0.0,1.83,3.66,0.496,,,0.0,4.75,68.0,4.57,1081.0,1135.0
density50,1000,reach_e5,5.0,0.0,1.97,2.186,0.649,0.665,19.375,4.0,4.75,68.97,5.1,1151.0,1151.0
density50,1000,spot_check,6.0,0.0,5.765,13.75,0.638,0.638,22.189,6.0,2.42,69.23,1.79,,
density50,2000,distractors,15.0,0.0,0.93,4.102,0.596,0.643,16.561,12.0,2.11,69.58,1.79,1150.0,1151.0
density50,2000,in_distribution,15.0,0.0,3.4,7.67,0.637,0.637,18.629,15.0,2.2,71.52,1.39,,
density50,2000,new_positions,25.0,0.0,3.03,8.58,0.514,0.706,16.033,2.0,6.24,69.58,4.11,1136.0,1151.0
density50,2000,reach_e5,5.0,0.0,0.63,1.966,0.592,0.619,20.689,3.0,6.33,68.44,6.23,1148.0,1148.5
density50,2000,spot_check,6.0,0.0,1.15,1.5,0.665,0.665,15.272,6.0,2.155,69.58,3.11,,
density50-fixedstep,1000,distractors,15.0,0.0,1.47,1.96,0.843,1.144,14.767,1.0,0.53,66.86,4.5,1006.0,1079.0
density50-fixedstep,1000,in_distribution,15.0,0.0,1.77,3.172,1.024,1.132,15.642,8.0,2.99,72.75,1.39,1150.0,1151.0
density50-fixedstep,1000,new_positions,25.0,0.0,1.4,2.22,1.005,,,0.0,7.82,68.35,5.3,1141.0,1151.0
density50-fixedstep,1000,spot_check,6.0,0.0,1.585,2.115,1.154,1.154,17.144,6.0,3.12,71.12,1.855,,
randomized,1000,different_object,15.0,4.0,5.8,12.47,0.827,,,0.0,1.49,74.86,2.25,1135.0,1150.0
randomized,1000,distractors,15.0,0.0,4.5,8.772,0.786,0.846,23.333,1.0,2.02,75.74,2.25,1109.0,1147.5
randomized,1000,in_distribution,15.0,1.0,6.235,11.421,0.889,0.915,22.028,6.0,1.49,75.21,1.26,1142.0,1144.0
randomized,1000,in_distribution_rebuilt,15.0,0.0,0.7,0.93,0.855,0.855,13.525,4.0,7.47,67.65,5.1,788.0,1106.0
randomized,1000,new_positions,15.0,6.0,13.83,26.35,0.872,,,0.0,0.44,75.91,2.25,1127.0,1147.0
randomized,1000,new_positions_rebuilt,25.0,0.0,0.9,1.148,0.831,,,0.0,6.51,67.38,6.16,1049.0,1141.0
randomized,1000,reduced_lighting,15.0,0.0,4.77,11.17,0.851,0.891,20.647,5.0,1.58,73.63,2.25,1147.0,1151.0
randomized,2000,different_object,15.0,8.0,30.93,35.958,1.069,0.938,24.283,2.0,0.0,77.58,1.26,1148.0,1151.0
randomized,2000,distractors,15.0,0.0,2.83,4.754,0.799,,,0.0,0.0,76.44,2.65,1149.0,1150.0
randomized,2000,in_distribution,15.0,0.0,8.77,16.12,0.888,0.919,20.983,6.0,0.44,75.38,1.85,1145.0,1150.0
randomized,2000,new_positions,15.0,8.0,17.73,20.702,0.842,,,0.0,0.0,74.86,1.59,1150.0,1151.0
randomized,2000,reduced_lighting,15.0,2.0,13.87,27.66,0.863,0.869,25.273,5.0,-0.09,74.15,1.66,1148.0,1151.0
randomized-runpod,1000,in_distribution_rebuilt,15.0,0.0,0.83,0.918,0.853,0.798,16.267,1.0,5.98,66.86,5.89,1149.0,1151.0
recovery,1000,different_object,15.0,0.0,5.2,12.298,0.881,0.92,21.324,11.0,1.05,75.65,2.58,1145.0,1148.5
recovery,1000,distractors,15.0,0.0,1.67,4.838,0.876,0.903,16.841,13.0,0.53,75.21,1.66,1151.0,1151.0
recovery,1000,in_distribution,15.0,0.0,1.37,5.33,0.866,0.917,14.896,8.0,-0.44,76.53,1.66,1142.0,1146.0
recovery,1000,new_positions,15.0,3.0,3.985,11.883,0.8,,,0.0,0.97,76.79,2.25,1135.0,1151.0
recovery,1000,reduced_lighting,15.0,0.0,3.97,5.472,0.876,0.926,17.01,7.0,1.14,73.89,2.65,1127.0,1150.5
recovery,2000,different_object,15.0,0.0,6.17,15.742,0.814,0.884,28.333,5.0,-1.05,77.93,1.59,1147.0,1149.5
recovery,2000,distractors,15.0,0.0,1.97,3.248,0.859,0.888,17.583,12.0,-0.09,75.91,2.58,1150.0,1151.0
recovery,2000,in_distribution,15.0,0.0,1.5,2.532,0.794,0.855,19.193,9.0,0.0,76.0,1.79,1149.0,1150.0
recovery,2000,new_positions,15.0,5.0,4.215,24.557,0.781,,,0.0,0.88,74.86,1.92,1136.0,1150.0
recovery,2000,reduced_lighting,15.0,0.0,1.2,2.568,0.782,0.818,25.827,5.0,-0.09,74.77,2.91,1150.0,1151.0
