policy,instance,grasps,scored,median_err,q1,q3,min,max,median_abs_err
"Randomized, August",E1,1,3,51.56,51.56,51.56,51.56,51.56,51.56
"Randomized, August",E2,1,3,0.21,0.21,0.21,0.21,0.21,0.21
"Randomized, August",E3,1,3,8.16,8.16,8.16,8.16,8.16,8.16
"Randomized, August",E4,2,3,2.48,1.97,3.0,1.45,3.51,2.48
"Randomized, August",E5,1,3,-16.19,-16.19,-16.19,-16.19,-16.19,16.19
"Randomized (s2000), August",E1,1,3,38.82,38.82,38.82,38.82,38.82,38.82
"Randomized (s2000), August",E2,1,3,2.12,2.12,2.12,2.12,2.12,2.12
"Randomized (s2000), August",E3,1,3,0.06,0.06,0.06,0.06,0.06,0.06
"Randomized (s2000), August",E4,1,3,5.44,5.44,5.44,5.44,5.44,5.44
"Randomized (s2000), August",E5,2,3,-18.82,-24.98,-12.66,-31.14,-6.49,18.82
"Randomized, rebuilt bench",E1,5,5,40.38,39.64,42.99,37.1,55.47,40.38
"Randomized, rebuilt bench",E2,5,5,10.6,8.26,13.35,2.48,28.39,10.6
"Randomized, rebuilt bench",E3,5,5,-2.31,-3.82,-2.07,-10.33,12.97,3.82
"Randomized, rebuilt bench",E4,5,5,-5.17,-24.39,3.7,-24.94,5.13,5.17
"Randomized, rebuilt bench",E5,5,5,-22.88,-24.27,-21.88,-24.82,-21.64,22.88
