cell,episode,frame,success,instance,released,pan,lift,elbow,wrist_flex,wrist_roll,grasp_x,grasp_y,policy,az,group,true_az,err,split,dist_in,cube_widths,near,frac_obs,frac_true
new_positions,1,463,0,E1,True,-57.62,20.63,-4.45,75.35,41.1,5.74,8.43,density10-seed2000,-50.99,new_positions:E1,-50.19,-0.79,extrapolation,11.72,0.16,T2,0.54,0.56
new_positions,2,469,0,E1,True,-79.26,11.77,-0.73,80.45,24.53,1.53,8.54,density10-seed2000,-71.51,new_positions:E1,-50.19,-21.32,extrapolation,11.72,4.36,T1,0.07,0.56
new_positions,3,407,0,E1,True,-80.75,14.59,-1.92,79.46,29.5,1.78,8.52,density10-seed2000,-72.93,new_positions:E1,-50.19,-22.73,extrapolation,11.72,4.65,T1,0.04,0.56
new_positions,4,370,0,E1,True,-26.04,-11.57,15.37,60.87,3.4,4.88,9.86,density10-seed2000,-21.03,new_positions:E1,-50.19,29.16,extrapolation,11.72,5.97,T2,1.23,0.56
new_positions,5,377,0,E1,True,-54.36,19.29,-7.31,83.77,32.3,5.7,8.35,density10-seed2000,-47.89,new_positions:E1,-50.19,2.3,extrapolation,11.72,0.47,T2,0.61,0.56
new_positions,6,172,0,E2,False,-66.09,7.06,1.97,58.64,10.03,1.52,10.59,density10-seed2000,-59.02,new_positions:E2,-60.95,1.93,interpolation,5.15,0.17,T1,0.36,0.31
new_positions,7,204,0,E2,True,-81.23,6.5,-4.58,77.28,15.01,-0.56,10.51,density10-seed2000,-73.38,new_positions:E2,-60.95,-12.44,interpolation,5.15,1.12,T1,0.03,0.31
new_positions,8,308,0,E2,True,-87.29,6.43,6.44,68.59,13.18,-0.35,8.9,density10-seed2000,-79.13,new_positions:E2,-60.95,-18.18,interpolation,5.15,1.64,T1,-0.11,0.31
new_positions,9,399,0,E2,True,-89.79,6.17,9.7,66.97,10.16,-0.44,8.35,density10-seed2000,-81.5,new_positions:E2,-60.95,-20.55,interpolation,5.15,1.85,T1,-0.16,0.31
new_positions,10,188,0,E2,True,-81.54,8.69,-5.13,73.56,8.93,-0.53,10.6,density10-seed2000,-73.67,new_positions:E2,-60.95,-12.73,interpolation,5.15,1.15,T1,0.02,0.31
new_positions,11,242,0,E3,True,-5.05,17.83,-9.46,77.08,-3.54,10.63,8.98,density10-seed2000,-1.12,new_positions:E3,5.71,-6.83,interpolation,10.05,1.2,T4,-0.39,0.12
new_positions,12,369,0,E3,True,-9.77,39.98,-37.7,57.16,4.86,10.02,14.0,density10-seed2000,-5.6,new_positions:E3,5.71,-11.31,interpolation,10.05,1.99,T3,-0.72,0.12
new_positions,13,535,0,E3,True,-9.91,55.25,-57.17,56.03,-1.05,10.28,16.08,density10-seed2000,-5.73,new_positions:E3,5.71,-11.44,interpolation,10.05,2.01,T3,-0.73,0.12
new_positions,14,523,0,E3,True,-10.24,49.82,-45.59,45.38,2.45,10.32,15.39,density10-seed2000,-6.04,new_positions:E3,5.71,-11.75,interpolation,10.05,2.06,T3,-0.75,0.12
new_positions,15,241,1,E3,True,-0.48,15.52,6.37,51.39,4.01,11.93,8.31,density10-seed2000,3.21,new_positions:E3,5.71,-2.5,interpolation,10.05,0.44,T4,-0.06,0.12
new_positions,16,355,0,E4,True,45.33,43.6,-38.01,57.06,-24.29,17.32,12.74,density10-seed2000,46.67,new_positions:E4,34.7,11.97,interpolation,7.91,1.65,T10,1.16,0.54
new_positions,17,404,0,E4,True,44.76,45.23,-37.98,53.99,-8.08,17.78,12.93,density10-seed2000,46.13,new_positions:E4,34.7,11.43,interpolation,7.91,1.58,T10,1.13,0.54
new_positions,18,278,0,E4,True,45.9,43.22,-35.68,58.52,-30.23,17.56,12.06,density10-seed2000,47.21,new_positions:E4,34.7,12.51,interpolation,7.91,1.73,T10,1.19,0.54
new_positions,19,339,0,E4,True,45.4,43.65,-38.86,57.65,-19.88,17.35,12.91,density10-seed2000,46.73,new_positions:E4,34.7,12.04,interpolation,7.91,1.66,T10,1.17,0.54
new_positions,20,417,0,E4,True,44.17,48.9,-39.49,53.09,1.91,18.38,12.87,density10-seed2000,45.57,new_positions:E4,34.7,10.87,interpolation,7.91,1.5,T10,1.11,0.54
new_positions,21,253,0,E5,True,42.31,42.76,-43.42,61.59,-15.08,16.45,13.77,density10-seed2000,43.8,new_positions:E5,32.2,11.61,extrapolation,15.95,3.23,T10,1.01,0.41
new_positions,22,388,0,E5,True,32.04,57.14,-58.2,53.65,21.17,16.4,16.07,density10-seed2000,34.06,new_positions:E5,32.2,1.86,extrapolation,15.95,0.52,T10,0.51,0.41
new_positions,23,482,0,E5,True,32.63,54.7,-52.69,51.32,13.62,16.46,15.35,density10-seed2000,34.62,new_positions:E5,32.2,2.42,extrapolation,15.95,0.68,T10,0.54,0.41
new_positions,24,303,0,E5,True,19.45,50.63,-47.16,54.65,8.07,14.67,14.48,density10-seed2000,22.12,new_positions:E5,32.2,-10.08,extrapolation,15.95,2.81,T6,-0.11,0.41
new_positions,25,671,0,E5,True,32.89,50.83,-48.63,49.6,11.57,16.16,15.19,density10-seed2000,34.87,new_positions:E5,32.2,2.67,extrapolation,15.95,0.74,T10,0.55,0.41
new_positions,1,313,0,E1,True,-67.74,12.29,-2.69,80.43,38.38,3.18,8.92,density10,-60.59,new_positions:E1,-50.19,-10.39,extrapolation,11.72,2.13,T1,0.32,0.56
new_positions,2,787,0,E1,True,-8.1,49.58,-41.58,37.93,-4.3,10.63,15.17,density10,-4.01,new_positions:E1,-50.19,46.18,extrapolation,11.72,9.45,T3,1.62,0.56
new_positions,3,631,0,E1,True,-66.82,14.09,-5.06,76.84,32.22,3.07,9.47,density10,-59.71,new_positions:E1,-50.19,-9.52,extrapolation,11.72,1.95,T1,0.34,0.56
new_positions,4,418,0,E1,True,-56.31,18.4,-2.76,77.8,41.8,5.81,8.15,density10,-49.74,new_positions:E1,-50.19,0.45,extrapolation,11.72,0.09,T2,0.57,0.56
new_positions,5,270,0,E1,True,-55.2,13.57,0.79,79.16,40.19,5.51,7.95,density10,-48.69,new_positions:E1,-50.19,1.5,extrapolation,11.72,0.31,T2,0.59,0.56
new_positions,6,705,0,E2,True,-85.09,10.93,1.15,71.58,20.29,0.39,9.14,density10,-77.04,new_positions:E2,-60.95,-16.1,interpolation,5.15,1.45,T1,-0.06,0.31
new_positions,8,667,0,E2,True,-87.65,11.05,6.74,68.83,19.93,0.68,8.13,density10,-79.47,new_positions:E2,-60.95,-18.53,interpolation,5.15,1.67,T1,-0.11,0.31
new_positions,9,564,0,E2,True,-88.01,14.33,-1.32,70.91,18.82,0.29,9.24,density10,-79.81,new_positions:E2,-60.95,-18.87,interpolation,5.15,1.7,T1,-0.12,0.31
new_positions,10,704,0,E2,True,-85.86,7.99,6.8,69.25,17.73,0.3,8.53,density10,-77.77,new_positions:E2,-60.95,-16.83,interpolation,5.15,1.52,T1,-0.08,0.31
new_positions,11,586,0,E3,True,-6.24,47.07,-41.58,43.45,-4.41,10.61,15.0,density10,-2.25,new_positions:E3,5.71,-7.96,interpolation,10.05,1.4,T4,-0.47,0.12
new_positions,12,469,0,E3,True,-9.48,51.24,-45.79,44.32,-1.54,10.54,15.27,density10,-5.32,new_positions:E3,5.71,-11.03,interpolation,10.05,1.94,T3,-0.7,0.12
new_positions,13,141,0,E3,True,3.35,12.89,1.91,59.31,15.34,11.91,9.03,density10,6.85,new_positions:E3,5.71,1.14,interpolation,10.05,0.2,T4,0.21,0.12
new_positions,14,464,0,E3,True,-12.42,45.28,-44.77,68.26,-0.36,10.13,13.64,density10,-8.11,new_positions:E3,5.71,-13.82,interpolation,10.05,2.43,T3,-0.91,0.12
new_positions,16,594,0,E4,True,45.11,50.83,-43.81,54.81,-2.92,18.3,13.33,density10,46.46,new_positions:E4,34.7,11.76,interpolation,7.91,1.63,T10,1.15,0.54
new_positions,17,546,0,E4,True,18.2,53.05,-51.08,53.34,11.71,14.49,15.16,density10,20.93,new_positions:E4,34.7,-13.76,interpolation,7.91,1.9,T6,-0.17,0.54
new_positions,18,526,0,E4,True,44.54,56.13,-55.03,57.72,7.12,18.13,14.86,density10,45.92,new_positions:E4,34.7,11.22,interpolation,7.91,1.55,T10,1.12,0.54
new_positions,19,765,0,E4,True,17.15,50.12,-44.88,49.83,10.01,14.41,14.55,density10,19.94,new_positions:E4,34.7,-14.76,interpolation,7.91,2.04,T7,-0.22,0.54
new_positions,20,643,0,E4,True,45.11,50.01,-49.93,60.34,12.13,17.89,14.45,density10,46.46,new_positions:E4,34.7,11.76,interpolation,7.91,1.63,T10,1.15,0.54
new_positions,21,240,0,E5,True,21.28,47.32,-44.47,52.3,19.93,14.77,14.71,density10,23.85,new_positions:E5,32.2,-8.34,extrapolation,15.95,2.32,T6,-0.02,0.41
new_positions,22,310,0,E5,True,15.88,51.55,-53.85,53.51,13.04,13.58,16.05,density10,18.73,new_positions:E5,32.2,-13.46,extrapolation,15.95,3.75,T7,-0.28,0.41
new_positions,23,328,0,E5,True,23.44,52.49,-49.35,56.27,12.62,15.43,14.52,density10,25.9,new_positions:E5,32.2,-6.29,extrapolation,15.95,1.75,T6,0.09,0.41
new_positions,24,294,0,E5,True,21.4,48.04,-42.68,54.1,12.8,15.08,13.94,density10,23.97,new_positions:E5,32.2,-8.23,extrapolation,15.95,2.29,T6,-0.01,0.41
new_positions,25,320,0,E5,True,18.06,51.58,-49.83,53.08,15.78,14.43,15.17,density10,20.8,new_positions:E5,32.2,-11.4,extrapolation,15.95,3.17,T7,-0.18,0.41
new_positions,1,215,0,E1,True,-21.77,-6.3,8.78,76.61,35.52,6.91,9.21,density25-fixedstep,-16.98,new_positions:E1,-50.19,33.21,extrapolation,11.72,6.8,T3,1.32,0.56
new_positions,2,353,0,E1,True,-0.09,49.75,-59.68,64.02,6.94,10.68,16.72,density25-fixedstep,3.58,new_positions:E1,-50.19,53.78,extrapolation,11.72,11.0,T4,1.79,0.56
new_positions,3,641,0,E1,True,-13.61,48.96,-56.13,52.49,-6.48,8.46,17.18,density25-fixedstep,-9.24,new_positions:E1,-50.19,40.95,extrapolation,11.72,8.38,T3,1.5,0.56
new_positions,4,393,0,E1,True,-20.87,40.0,-49.56,64.62,-0.4,7.24,16.02,density25-fixedstep,-16.13,new_positions:E1,-50.19,34.07,extrapolation,11.72,6.97,T3,1.34,0.56
new_positions,5,672,0,E1,True,-82.97,14.69,-1.02,71.78,17.07,1.06,8.97,density25-fixedstep,-75.03,new_positions:E1,-50.19,-24.84,extrapolation,11.72,5.08,T1,-0.01,0.56
new_positions,6,192,0,E2,True,-84.47,-2.09,8.37,78.47,18.76,-0.86,8.86,density25-fixedstep,-76.45,new_positions:E2,-60.95,-15.51,interpolation,5.15,1.4,T1,-0.05,0.31
new_positions,7,324,0,E2,True,-87.32,16.22,-4.15,74.6,10.54,0.36,9.14,density25-fixedstep,-79.16,new_positions:E2,-60.95,-18.21,interpolation,5.15,1.64,T1,-0.11,0.31
new_positions,8,196,0,E2,True,-72.88,5.76,-5.22,74.97,11.01,0.14,10.89,density25-fixedstep,-65.46,new_positions:E2,-60.95,-4.52,interpolation,5.15,0.41,T1,0.21,0.31
new_positions,9,174,0,E2,True,-86.08,8.6,-0.12,77.27,14.16,-0.25,9.19,density25-fixedstep,-77.98,new_positions:E2,-60.95,-17.04,interpolation,5.15,1.54,T1,-0.08,0.31
new_positions,10,281,0,E2,True,-87.36,12.01,1.67,73.04,11.17,0.24,8.64,density25-fixedstep,-79.2,new_positions:E2,-60.95,-18.25,interpolation,5.15,1.64,T1,-0.11,0.31
new_positions,11,332,0,E3,True,-11.05,33.03,-30.73,55.29,0.53,9.24,13.68,density25-fixedstep,-6.81,new_positions:E3,5.71,-12.52,interpolation,10.05,2.2,T3,-0.81,0.12
new_positions,12,412,0,E3,True,-13.65,53.62,-49.06,38.02,-24.91,9.3,16.09,density25-fixedstep,-9.28,new_positions:E3,5.71,-14.99,interpolation,10.05,2.63,T3,-0.99,0.12
new_positions,13,281,0,E3,True,-13.06,30.94,-22.76,60.66,1.44,9.83,11.68,density25-fixedstep,-8.72,new_positions:E3,5.71,-14.43,interpolation,10.05,2.53,T3,-0.95,0.12
new_positions,14,229,0,E3,True,-5.98,20.67,-8.3,50.28,14.24,10.49,11.09,density25-fixedstep,-2.0,new_positions:E3,5.71,-7.71,interpolation,10.05,1.35,T4,-0.45,0.12
new_positions,15,267,0,E3,True,4.3,35.31,-28.86,48.26,9.89,11.85,13.53,density25-fixedstep,7.75,new_positions:E3,5.71,2.04,interpolation,10.05,0.36,T4,0.27,0.12
new_positions,16,470,0,E4,True,45.02,53.93,-51.28,53.11,-32.43,17.24,14.45,density25-fixedstep,46.37,new_positions:E4,34.7,11.68,interpolation,7.91,1.61,T10,1.15,0.54
new_positions,17,402,0,E4,True,43.35,51.87,-49.46,54.21,6.88,17.72,14.62,density25-fixedstep,44.79,new_positions:E4,34.7,10.09,interpolation,7.91,1.39,T10,1.07,0.54
new_positions,18,344,0,E4,True,44.22,58.61,-74.89,65.96,-35.4,15.47,17.81,density25-fixedstep,45.61,new_positions:E4,34.7,10.92,interpolation,7.91,1.51,T10,1.11,0.54
new_positions,19,554,0,E4,True,8.6,69.37,-79.13,57.02,-32.8,12.01,18.29,density25-fixedstep,11.83,new_positions:E4,34.7,-22.87,interpolation,7.91,3.16,T7,-0.64,0.54
new_positions,20,129,0,E4,True,54.4,16.92,-21.72,74.29,-31.37,16.02,11.42,density25-fixedstep,55.27,new_positions:E4,34.7,20.57,interpolation,7.91,2.84,T9,1.61,0.54
new_positions,21,300,0,E5,True,17.88,45.78,-48.01,56.68,21.13,13.77,15.38,density25-fixedstep,20.63,new_positions:E5,32.2,-11.57,extrapolation,15.95,3.22,T7,-0.19,0.41
new_positions,22,367,0,E5,True,14.87,51.17,-58.57,53.17,16.83,12.83,17.27,density25-fixedstep,17.77,new_positions:E5,32.2,-14.42,extrapolation,15.95,4.02,T7,-0.33,0.41
new_positions,23,291,0,E5,True,20.38,54.34,-54.15,55.18,18.97,14.86,15.52,density25-fixedstep,23.0,new_positions:E5,32.2,-9.2,extrapolation,15.95,2.56,T6,-0.06,0.41
new_positions,24,337,0,E5,True,28.05,56.17,-51.7,53.1,18.01,16.43,14.8,density25-fixedstep,30.28,new_positions:E5,32.2,-1.92,extrapolation,15.95,0.53,T6,0.31,0.41
new_positions,25,202,0,E5,True,21.75,32.27,-29.76,57.42,22.88,14.09,13.27,density25-fixedstep,24.3,new_positions:E5,32.2,-7.9,extrapolation,15.95,2.2,T6,0.0,0.41
new_positions,1,166,0,E1,True,-23.39,-3.7,9.45,78.65,38.6,7.43,8.48,density25-seed2000,-18.52,new_positions:E1,-50.19,31.68,extrapolation,11.72,6.48,T3,1.29,0.56
new_positions,2,378,0,E1,True,-35.9,-2.69,22.28,57.82,-37.59,5.2,6.88,density25-seed2000,-30.38,new_positions:E1,-50.19,19.81,extrapolation,11.72,4.05,T2,1.01,0.56
new_positions,3,272,0,E1,True,-36.99,-0.37,22.8,56.04,-40.43,5.44,6.56,density25-seed2000,-31.42,new_positions:E1,-50.19,18.78,extrapolation,11.72,3.84,T2,0.99,0.56
new_positions,4,179,0,E1,True,-29.61,-6.58,23.65,63.67,-34.74,5.75,6.58,density25-seed2000,-24.42,new_positions:E1,-50.19,25.78,extrapolation,11.72,5.27,T2,1.15,0.56
new_positions,5,210,0,E1,True,-32.63,2.93,11.66,64.26,-38.76,5.59,7.74,density25-seed2000,-27.28,new_positions:E1,-50.19,22.91,extrapolation,11.72,4.69,T2,1.08,0.56
new_positions,6,271,0,E2,True,-68.55,1.63,-0.49,72.14,-7.6,0.02,10.54,density25-seed2000,-61.35,new_positions:E2,-60.95,-0.41,interpolation,5.15,0.04,T1,0.3,0.31
new_positions,7,245,0,E2,True,-77.98,2.05,3.15,72.34,2.5,-0.46,9.8,density25-seed2000,-70.3,new_positions:E2,-60.95,-9.35,interpolation,5.15,0.84,T1,0.1,0.31
new_positions,8,369,0,E2,True,-82.57,13.64,-9.85,77.36,7.04,-0.2,10.51,density25-seed2000,-74.65,new_positions:E2,-60.95,-13.71,interpolation,5.15,1.24,T1,-0.0,0.31
new_positions,9,210,0,E2,True,-75.94,1.19,2.61,72.23,4.99,-0.38,10.08,density25-seed2000,-68.36,new_positions:E2,-60.95,-7.42,interpolation,5.15,0.67,T1,0.14,0.31
new_positions,10,202,0,E2,True,-77.86,4.46,0.83,76.49,10.02,0.04,9.6,density25-seed2000,-70.18,new_positions:E2,-60.95,-9.24,interpolation,5.15,0.83,T1,0.1,0.31
new_positions,11,240,0,E3,True,-0.33,44.51,-33.78,50.01,-4.77,12.15,12.92,density25-seed2000,3.36,new_positions:E3,5.71,-2.35,interpolation,10.05,0.41,T4,-0.05,0.12
new_positions,12,307,0,E3,True,-3.38,36.58,-22.96,37.71,2.18,11.26,13.03,density25-seed2000,0.46,new_positions:E3,5.71,-5.25,interpolation,10.05,0.92,T4,-0.27,0.12
new_positions,13,294,0,E3,True,6.37,20.37,3.9,40.08,7.12,13.06,9.19,density25-seed2000,9.71,new_positions:E3,5.71,4.0,interpolation,10.05,0.7,T4,0.42,0.12
new_positions,14,282,0,E3,True,4.97,43.65,-34.31,50.13,1.36,12.75,13.17,density25-seed2000,8.38,new_positions:E3,5.71,2.67,interpolation,10.05,0.47,T4,0.32,0.12
new_positions,15,245,0,E3,True,3.98,32.63,-16.78,45.8,7.11,12.69,11.41,density25-seed2000,7.44,new_positions:E3,5.71,1.73,interpolation,10.05,0.3,T4,0.25,0.12
new_positions,16,675,0,E4,True,18.29,57.78,-61.91,59.53,13.32,14.31,16.28,density25-seed2000,21.02,new_positions:E4,34.7,-13.68,interpolation,7.91,1.89,T6,-0.17,0.54
new_positions,17,682,0,E4,True,42.82,54.89,-60.86,65.61,-41.59,16.23,15.18,density25-seed2000,44.29,new_positions:E4,34.7,9.59,interpolation,7.91,1.32,T10,1.04,0.54
new_positions,18,380,0,E4,True,44.08,53.48,-58.23,65.26,-42.11,16.43,14.82,density25-seed2000,45.48,new_positions:E4,34.7,10.79,interpolation,7.91,1.49,T10,1.1,0.54
new_positions,19,588,0,E4,True,42.08,55.25,-61.56,64.13,-48.14,15.91,15.38,density25-seed2000,43.58,new_positions:E4,34.7,8.89,interpolation,7.91,1.23,T10,1.0,0.54
new_positions,20,612,0,E4,True,43.53,52.88,-56.21,62.97,-48.09,16.29,14.64,density25-seed2000,44.96,new_positions:E4,34.7,10.26,interpolation,7.91,1.42,T10,1.07,0.54
new_positions,21,366,0,E5,True,21.56,52.24,-51.61,52.1,17.76,14.79,15.56,density25-seed2000,24.12,new_positions:E5,32.2,-8.08,extrapolation,15.95,2.25,T6,-0.01,0.41
new_positions,22,582,0,E5,True,21.87,56.74,-59.83,57.57,18.21,14.87,16.18,density25-seed2000,24.41,new_positions:E5,32.2,-7.78,extrapolation,15.95,2.17,T6,0.01,0.41
new_positions,23,350,0,E5,True,23.36,53.06,-53.93,58.02,18.05,15.13,15.36,density25-seed2000,25.83,new_positions:E5,32.2,-6.37,extrapolation,15.95,1.77,T6,0.08,0.41
new_positions,24,520,0,E5,True,21.1,50.91,-50.17,52.83,14.96,14.63,15.35,density25-seed2000,23.68,new_positions:E5,32.2,-8.51,extrapolation,15.95,2.37,T6,-0.03,0.41
new_positions,25,292,0,E5,True,29.97,53.11,-48.63,51.52,29.59,16.66,14.83,density25-seed2000,32.1,new_positions:E5,32.2,-0.1,extrapolation,15.95,0.03,T6,0.41,0.41
new_positions,1,1008,0,E1,True,-69.49,15.45,-9.73,73.06,0.98,1.58,10.44,density25,-62.25,new_positions:E1,-50.19,-12.05,extrapolation,11.72,2.47,T1,0.28,0.56
new_positions,2,237,0,E1,True,-41.83,-1.16,23.21,59.6,-37.81,4.9,6.3,density25,-36.01,new_positions:E1,-50.19,14.19,extrapolation,11.72,2.9,T2,0.88,0.56
new_positions,3,234,0,E1,True,-14.34,2.19,4.92,76.33,37.35,9.05,8.71,density25,-9.93,new_positions:E1,-50.19,40.26,extrapolation,11.72,8.24,T3,1.48,0.56
new_positions,4,289,0,E1,True,-12.87,11.89,0.76,72.38,37.15,10.41,8.49,density25,-8.54,new_positions:E1,-50.19,41.66,extrapolation,11.72,8.52,T3,1.52,0.56
new_positions,5,180,0,E1,True,-31.68,-11.66,25.27,64.7,-27.42,4.9,7.0,density25,-26.38,new_positions:E1,-50.19,23.81,extrapolation,11.72,4.87,T2,1.11,0.56
new_positions,6,392,0,E2,True,-80.86,12.48,-3.58,77.04,9.1,0.63,9.29,density25,-73.03,new_positions:E2,-60.95,-12.08,interpolation,5.15,1.09,T1,0.03,0.31
new_positions,7,272,0,E2,True,-80.82,13.99,-8.5,76.1,7.42,0.22,10.25,density25,-72.99,new_positions:E2,-60.95,-12.05,interpolation,5.15,1.09,T1,0.03,0.31
new_positions,8,263,0,E2,True,-82.51,10.97,-4.46,76.26,5.2,-0.1,9.79,density25,-74.59,new_positions:E2,-60.95,-13.65,interpolation,5.15,1.23,T1,-0.0,0.31
new_positions,9,224,0,E2,True,-80.8,4.16,2.86,72.74,8.49,-0.32,9.57,density25,-72.97,new_positions:E2,-60.95,-12.03,interpolation,5.15,1.08,T1,0.03,0.31
new_positions,10,257,0,E2,True,-79.79,11.0,-5.41,78.6,7.12,0.28,9.76,density25,-72.01,new_positions:E2,-60.95,-11.07,interpolation,5.15,1.0,T1,0.06,0.31
new_positions,11,328,0,E3,True,-6.0,32.21,-9.29,24.95,-11.04,11.04,11.77,density25,-2.02,new_positions:E3,5.71,-7.73,interpolation,10.05,1.36,T4,-0.45,0.12
new_positions,12,335,0,E3,True,-7.04,35.26,-15.93,26.52,-12.19,10.67,12.65,density25,-3.01,new_positions:E3,5.71,-8.72,interpolation,10.05,1.53,T3,-0.53,0.12
new_positions,13,303,0,E3,True,-5.28,31.85,-11.67,27.62,-6.94,10.95,12.14,density25,-1.34,new_positions:E3,5.71,-7.05,interpolation,10.05,1.24,T4,-0.4,0.12
new_positions,14,273,0,E3,True,1.83,45.68,-40.55,55.24,2.55,12.16,13.81,density25,5.4,new_positions:E3,5.71,-0.31,interpolation,10.05,0.05,T4,0.1,0.12
new_positions,15,337,0,E3,True,-2.25,39.72,-24.0,36.08,-9.21,11.58,12.81,density25,1.53,new_positions:E3,5.71,-4.18,interpolation,10.05,0.73,T4,-0.19,0.12
new_positions,16,854,0,E4,True,42.28,59.02,-60.54,63.12,23.48,18.24,15.29,density25,43.77,new_positions:E4,34.7,9.08,interpolation,7.91,1.25,T10,1.01,0.54
new_positions,17,604,0,E4,True,17.31,52.32,-54.32,54.73,9.43,13.83,15.87,density25,20.09,new_positions:E4,34.7,-14.61,interpolation,7.91,2.02,T7,-0.21,0.54
new_positions,18,775,0,E4,True,45.42,54.34,-56.72,61.41,-45.6,16.74,14.68,density25,46.75,new_positions:E4,34.7,12.06,interpolation,7.91,1.67,T10,1.17,0.54
new_positions,19,595,0,E4,True,42.05,56.27,-57.27,65.24,33.63,18.39,14.86,density25,43.55,new_positions:E4,34.7,8.86,interpolation,7.91,1.22,T10,1.0,0.54
new_positions,21,386,0,E5,True,18.75,55.42,-54.37,53.24,15.18,14.67,15.57,density25,21.45,new_positions:E5,32.2,-10.74,extrapolation,15.95,2.99,T6,-0.14,0.41
new_positions,22,353,0,E5,True,21.98,49.58,-47.86,51.07,17.84,14.77,15.23,density25,24.52,new_positions:E5,32.2,-7.68,extrapolation,15.95,2.14,T6,0.02,0.41
new_positions,23,492,0,E5,True,17.64,55.22,-60.01,56.0,10.48,13.78,16.59,density25,20.4,new_positions:E5,32.2,-11.79,extrapolation,15.95,3.29,T7,-0.2,0.41
new_positions,24,351,0,E5,True,18.82,53.23,-52.58,53.37,16.88,14.53,15.51,density25,21.52,new_positions:E5,32.2,-10.68,extrapolation,15.95,2.97,T6,-0.14,0.41
new_positions,25,634,0,E5,True,17.17,56.63,-58.89,55.48,10.08,14.1,16.16,density25,19.96,new_positions:E5,32.2,-12.24,extrapolation,15.95,3.41,T7,-0.22,0.41
new_positions,2,344,0,E1,True,-22.45,5.63,7.65,49.92,-22.25,6.7,9.71,density5-seed2000,-17.63,new_positions:E1,-50.19,32.57,extrapolation,11.72,6.66,T3,1.31,0.56
new_positions,3,495,0,E1,True,-29.91,-9.64,28.88,44.65,-14.11,5.45,7.95,density5-seed2000,-24.7,new_positions:E1,-50.19,25.49,extrapolation,11.72,5.22,T2,1.14,0.56
new_positions,4,568,0,E1,True,-19.61,-8.13,21.32,40.62,-11.69,6.02,9.77,density5-seed2000,-14.93,new_positions:E1,-50.19,35.26,extrapolation,11.72,7.21,T3,1.37,0.56
new_positions,5,582,0,E1,True,-37.73,-3.24,26.07,41.84,-22.55,5.01,7.85,density5-seed2000,-32.12,new_positions:E1,-50.19,18.07,extrapolation,11.72,3.7,T2,0.97,0.56
new_positions,7,155,0,E2,True,-68.97,9.72,-13.8,82.42,3.44,0.46,11.38,density5-seed2000,-61.75,new_positions:E2,-60.95,-0.81,interpolation,5.15,0.07,T1,0.29,0.31
new_positions,8,216,0,E2,True,-78.14,15.38,-6.38,80.71,14.48,1.45,9.13,density5-seed2000,-70.45,new_positions:E2,-60.95,-9.5,interpolation,5.15,0.86,T1,0.09,0.31
new_positions,9,270,0,E2,True,-75.85,7.36,-2.71,73.97,15.81,0.43,10.23,density5-seed2000,-68.28,new_positions:E2,-60.95,-7.33,interpolation,5.15,0.66,T1,0.14,0.31
new_positions,11,994,0,E3,True,-8.09,34.26,-27.63,37.72,-11.64,9.31,14.38,density5-seed2000,-4.0,new_positions:E3,5.71,-9.72,interpolation,10.05,1.71,T3,-0.6,0.12
new_positions,12,575,0,E3,True,-8.47,43.94,-38.48,36.12,-10.49,9.69,15.49,density5-seed2000,-4.37,new_positions:E3,5.71,-10.08,interpolation,10.05,1.77,T3,-0.63,0.12
new_positions,13,595,0,E3,True,-10.88,41.23,-34.46,38.98,-3.34,9.63,14.81,density5-seed2000,-6.65,new_positions:E3,5.71,-12.36,interpolation,10.05,2.17,T3,-0.8,0.12
new_positions,14,275,0,E3,True,-4.44,36.53,-30.64,48.28,2.18,10.55,13.75,density5-seed2000,-0.54,new_positions:E3,5.71,-6.25,interpolation,10.05,1.1,T4,-0.34,0.12
new_positions,15,177,0,E3,True,1.64,15.19,-5.66,63.94,8.14,11.2,9.88,density5-seed2000,5.22,new_positions:E3,5.71,-0.49,interpolation,10.05,0.09,T4,0.08,0.12
new_positions,16,695,0,E4,True,28.62,61.59,-70.45,60.72,11.24,15.32,17.4,density5-seed2000,30.82,new_positions:E4,34.7,-3.88,interpolation,7.91,0.54,T6,0.34,0.54
new_positions,17,626,0,E4,True,27.51,56.13,-58.49,58.01,12.86,15.57,15.83,density5-seed2000,29.76,new_positions:E4,34.7,-4.93,interpolation,7.91,0.68,T6,0.29,0.54
new_positions,18,852,0,E4,True,25.31,54.02,-57.73,59.92,12.56,15.05,15.82,density5-seed2000,27.68,new_positions:E4,34.7,-7.02,interpolation,7.91,0.97,T6,0.18,0.54
new_positions,20,738,0,E4,True,26.86,56.59,-59.83,57.18,14.27,15.4,16.16,density5-seed2000,29.15,new_positions:E4,34.7,-5.55,interpolation,7.91,0.77,T6,0.25,0.54
new_positions,21,317,0,E5,True,20.36,50.16,-53.09,58.1,11.95,14.16,15.59,density5-seed2000,22.98,new_positions:E5,32.2,-9.21,extrapolation,15.95,2.57,T6,-0.06,0.41
new_positions,22,279,0,E5,True,15.38,41.61,-46.38,60.73,11.38,12.81,15.2,density5-seed2000,18.26,new_positions:E5,32.2,-13.94,extrapolation,15.95,3.88,T7,-0.31,0.41
new_positions,23,440,0,E5,True,15.16,49.67,-55.34,60.1,5.93,13.05,15.98,density5-seed2000,18.05,new_positions:E5,32.2,-14.15,extrapolation,15.95,3.94,T7,-0.32,0.41
new_positions,24,292,0,E5,True,13.54,42.62,-40.49,52.5,10.14,13.16,14.52,density5-seed2000,16.51,new_positions:E5,32.2,-15.68,extrapolation,15.95,4.37,T7,-0.4,0.41
new_positions,25,285,0,E5,True,22.04,45.72,-44.45,57.39,13.73,14.64,14.4,density5-seed2000,24.57,new_positions:E5,32.2,-7.62,extrapolation,15.95,2.12,T6,0.02,0.41
new_positions,1,269,0,E1,True,-34.75,-0.14,16.23,57.78,-24.73,5.33,7.97,density5,-29.29,new_positions:E1,-50.19,20.9,extrapolation,11.72,4.28,T2,1.04,0.56
new_positions,2,389,0,E1,True,-31.93,-2.99,22.55,47.54,-24.49,5.56,7.98,density5,-26.62,new_positions:E1,-50.19,23.58,extrapolation,11.72,4.82,T2,1.1,0.56
new_positions,3,411,0,E1,True,-33.22,-3.57,18.31,43.01,-17.17,4.7,9.57,density5,-27.84,new_positions:E1,-50.19,22.35,extrapolation,11.72,4.57,T2,1.07,0.56
new_positions,5,324,0,E1,True,-24.99,4.56,-2.29,59.34,-4.03,5.64,11.4,density5,-20.04,new_positions:E1,-50.19,30.16,extrapolation,11.72,6.17,T3,1.25,0.56
new_positions,6,163,0,E2,True,-65.23,4.99,-5.99,81.86,3.91,1.03,10.37,density5,-58.2,new_positions:E2,-60.95,2.74,interpolation,5.15,0.25,T1,0.37,0.31
new_positions,7,318,0,E2,True,-76.8,8.82,-6.9,78.99,17.48,0.29,10.48,density5,-69.18,new_positions:E2,-60.95,-8.23,interpolation,5.15,0.74,T1,0.12,0.31
new_positions,12,528,0,E3,True,-8.7,46.29,-36.78,37.03,-5.68,10.47,14.68,density5,-4.58,new_positions:E3,5.71,-10.29,interpolation,10.05,1.81,T3,-0.65,0.12
new_positions,13,764,0,E3,True,-7.02,39.11,-34.32,39.65,-8.99,9.66,14.96,density5,-2.99,new_positions:E3,5.71,-8.7,interpolation,10.05,1.53,T3,-0.53,0.12
new_positions,14,478,0,E3,True,-5.22,33.5,-26.61,36.89,-12.33,9.62,14.32,density5,-1.28,new_positions:E3,5.71,-6.99,interpolation,10.05,1.23,T4,-0.4,0.12
new_positions,15,229,0,E3,True,-6.31,36.75,-32.61,50.29,2.63,10.19,13.98,density5,-2.32,new_positions:E3,5.71,-8.03,interpolation,10.05,1.41,T4,-0.48,0.12
new_positions,16,475,0,E4,True,41.5,49.7,-49.38,57.16,2.21,17.09,14.63,density5,43.03,new_positions:E4,34.7,8.34,interpolation,7.91,1.15,T10,0.97,0.54
new_positions,17,442,0,E4,True,38.79,45.74,-42.43,57.05,7.32,16.96,13.75,density5,40.46,new_positions:E4,34.7,5.77,interpolation,7.91,0.8,T10,0.84,0.54
new_positions,18,501,0,E4,True,40.88,56.88,-58.17,59.4,16.58,17.65,15.41,density5,42.45,new_positions:E4,34.7,7.75,interpolation,7.91,1.07,T10,0.94,0.54
new_positions,19,778,0,E4,True,29.24,57.64,-66.71,61.33,15.09,15.22,17.14,density5,31.4,new_positions:E4,34.7,-3.29,interpolation,7.91,0.45,T6,0.37,0.54
new_positions,20,609,0,E4,True,38.64,53.96,-55.7,59.43,19.1,17.16,15.35,density5,40.32,new_positions:E4,34.7,5.63,interpolation,7.91,0.78,T10,0.83,0.54
new_positions,21,319,0,E5,True,15.88,51.07,-57.1,55.42,12.37,13.13,16.68,density5,18.73,new_positions:E5,32.2,-13.46,extrapolation,15.95,3.75,T7,-0.28,0.41
new_positions,22,288,0,E5,True,31.37,60.16,-63.17,58.86,21.36,16.47,16.21,density5,33.42,new_positions:E5,32.2,1.23,extrapolation,15.95,0.34,T6,0.48,0.41
new_positions,23,324,0,E5,True,12.18,48.01,-52.74,54.34,9.72,12.52,16.28,density5,15.22,new_positions:E5,32.2,-16.97,extrapolation,15.95,4.73,T7,-0.47,0.41
new_positions,24,280,0,E5,True,14.98,49.01,-51.34,56.03,11.27,13.36,15.62,density5,17.88,new_positions:E5,32.2,-14.32,extrapolation,15.95,3.99,T7,-0.33,0.41
new_positions,25,260,0,E5,True,14.95,49.18,-52.45,58.33,12.89,13.37,15.64,density5,17.85,new_positions:E5,32.2,-14.35,extrapolation,15.95,4.0,T7,-0.33,0.41
new_positions,1,991,0,E1,True,-5.78,6.86,-17.39,76.35,12.37,7.7,12.77,density50-fixedstep,-1.81,new_positions:E1,-50.19,48.38,extrapolation,11.72,9.9,T4,1.67,0.56
new_positions,2,288,0,E1,True,-16.63,-10.7,-5.52,72.05,-2.99,3.93,13.25,density50-fixedstep,-12.11,new_positions:E1,-50.19,38.09,extrapolation,11.72,7.79,T3,1.43,0.56
new_positions,3,161,0,E1,True,-36.82,-1.98,13.15,58.51,-37.02,4.09,8.81,density50-fixedstep,-31.26,new_positions:E1,-50.19,18.94,extrapolation,11.72,3.87,T2,0.99,0.56
new_positions,4,236,0,E1,True,-20.36,27.32,-36.08,77.15,-18.23,6.73,13.55,density50-fixedstep,-15.64,new_positions:E1,-50.19,34.55,extrapolation,11.72,7.07,T3,1.35,0.56
new_positions,5,149,0,E1,True,-29.22,-1.08,0.83,68.33,-30.05,4.22,10.5,density50-fixedstep,-24.05,new_positions:E1,-50.19,26.15,extrapolation,11.72,5.35,T2,1.16,0.56
new_positions,6,423,0,E2,True,-84.94,18.4,-10.28,76.29,10.54,0.38,10.0,density50-fixedstep,-76.9,new_positions:E2,-60.95,-15.95,interpolation,5.15,1.44,T1,-0.06,0.31
new_positions,7,198,0,E2,True,-72.38,6.27,-1.63,76.94,15.9,0.94,9.83,density50-fixedstep,-64.99,new_positions:E2,-60.95,-4.04,interpolation,5.15,0.36,T1,0.22,0.31
new_positions,8,350,0,E2,True,-83.73,16.06,-6.29,76.34,15.2,0.69,9.49,density50-fixedstep,-75.75,new_positions:E2,-60.95,-14.81,interpolation,5.15,1.33,T1,-0.03,0.31
new_positions,9,434,0,E2,True,-87.54,16.11,-5.45,75.61,7.93,0.13,9.33,density50-fixedstep,-79.37,new_positions:E2,-60.95,-18.42,interpolation,5.15,1.66,T1,-0.11,0.31
new_positions,10,440,0,E2,True,-79.82,3.6,-2.19,81.62,10.31,-0.55,9.94,density50-fixedstep,-72.04,new_positions:E2,-60.95,-11.1,interpolation,5.15,1.0,T1,0.06,0.31
new_positions,11,288,0,E3,True,1.78,41.26,-49.94,67.33,13.47,10.81,15.56,density50-fixedstep,5.36,new_positions:E3,5.71,-0.35,interpolation,10.05,0.06,T4,0.09,0.12
new_positions,12,370,0,E3,True,-11.48,60.64,-70.83,56.83,-0.0,9.42,18.28,density50-fixedstep,-7.22,new_positions:E3,5.71,-12.93,interpolation,10.05,2.27,T3,-0.84,0.12
new_positions,13,218,0,E3,True,-0.19,37.66,-33.92,63.58,6.57,11.61,12.8,density50-fixedstep,3.49,new_positions:E3,5.71,-2.22,interpolation,10.05,0.39,T4,-0.04,0.12
new_positions,14,177,0,E3,True,-1.86,45.66,-55.98,65.32,2.38,10.09,16.37,density50-fixedstep,1.9,new_positions:E3,5.71,-3.81,interpolation,10.05,0.67,T4,-0.16,0.12
new_positions,15,289,0,E3,True,-7.8,45.46,-44.99,59.55,1.1,10.42,14.5,density50-fixedstep,-3.73,new_positions:E3,5.71,-9.44,interpolation,10.05,1.66,T3,-0.58,0.12
new_positions,16,554,0,E4,True,27.14,62.55,-85.75,68.39,24.92,13.94,20.12,density50-fixedstep,29.41,new_positions:E4,34.7,-5.28,interpolation,7.91,0.73,T6,0.27,0.54
new_positions,17,695,0,E4,True,20.24,60.15,-62.66,50.24,13.9,14.57,16.99,density50-fixedstep,22.87,new_positions:E4,34.7,-11.83,interpolation,7.91,1.63,T6,-0.07,0.54
new_positions,18,324,0,E4,True,61.69,36.35,-29.57,58.68,-16.12,19.4,11.73,density50-fixedstep,62.18,new_positions:E4,34.7,27.49,interpolation,7.91,3.8,T5,1.97,0.54
new_positions,19,239,0,E4,True,34.92,-2.86,27.99,53.57,-40.04,15.0,5.36,density50-fixedstep,36.79,new_positions:E4,34.7,2.1,interpolation,7.91,0.29,T10,0.65,0.54
new_positions,20,678,0,E4,True,19.91,64.32,-83.72,61.83,19.18,13.2,20.04,density50-fixedstep,22.55,new_positions:E4,34.7,-12.14,interpolation,7.91,1.68,T6,-0.09,0.54
new_positions,21,107,0,E5,True,32.75,16.7,-12.22,58.97,19.1,14.77,11.45,density50-fixedstep,34.73,new_positions:E5,32.2,2.54,extrapolation,15.95,0.71,T10,0.54,0.41
new_positions,22,237,0,E5,True,19.8,51.75,-54.75,57.62,18.04,14.29,15.83,density50-fixedstep,22.45,new_positions:E5,32.2,-9.75,extrapolation,15.95,2.71,T6,-0.09,0.41
new_positions,23,239,0,E5,True,26.32,53.75,-50.37,51.72,18.2,15.86,15.03,density50-fixedstep,28.63,new_positions:E5,32.2,-3.56,extrapolation,15.95,0.99,T6,0.23,0.41
new_positions,24,673,0,E5,True,8.02,63.64,-77.09,54.23,3.33,11.72,19.35,density50-fixedstep,11.28,new_positions:E5,32.2,-20.92,extrapolation,15.95,5.83,T7,-0.67,0.41
new_positions,25,665,0,E5,True,8.55,55.61,-58.87,48.97,11.6,12.54,17.06,density50-fixedstep,11.78,new_positions:E5,32.2,-20.42,extrapolation,15.95,5.69,T7,-0.64,0.41
new_positions,2,531,0,E1,True,-36.71,11.27,1.1,68.27,-34.55,5.55,8.49,density50-seed2000,-31.15,new_positions:E1,-50.19,19.04,extrapolation,11.72,3.9,T2,1.0,0.56
new_positions,3,159,0,E1,True,20.12,19.29,-21.77,74.4,27.6,13.18,11.88,density50-seed2000,22.75,new_positions:E1,-50.19,72.95,extrapolation,11.72,14.92,T6,2.23,0.56
new_positions,4,380,0,E1,True,-36.7,5.69,6.21,71.3,-36.51,5.22,7.9,density50-seed2000,-31.14,new_positions:E1,-50.19,19.05,extrapolation,11.72,3.9,T2,1.0,0.56
new_positions,5,367,0,E1,True,-35.46,15.85,-4.35,61.39,-44.11,5.43,9.6,density50-seed2000,-29.97,new_positions:E1,-50.19,20.23,extrapolation,11.72,4.14,T2,1.02,0.56
new_positions,6,884,0,E2,True,-83.61,19.74,-6.6,72.18,10.5,1.11,9.34,density50-seed2000,-75.64,new_positions:E2,-60.95,-14.69,interpolation,5.15,1.32,T1,-0.03,0.31
new_positions,7,476,0,E2,True,-85.34,16.38,-6.63,78.53,11.7,0.52,9.28,density50-seed2000,-77.28,new_positions:E2,-60.95,-16.33,interpolation,5.15,1.47,T1,-0.06,0.31
new_positions,8,436,0,E2,True,-85.62,17.28,-8.5,82.64,11.43,0.57,9.16,density50-seed2000,-77.54,new_positions:E2,-60.95,-16.6,interpolation,5.15,1.5,T1,-0.07,0.31
new_positions,9,583,0,E2,True,-82.45,20.38,-7.69,73.54,9.13,1.28,9.33,density50-seed2000,-74.54,new_positions:E2,-60.95,-13.59,interpolation,5.15,1.23,T1,-0.0,0.31
new_positions,10,327,0,E2,True,-79.57,8.27,-4.19,80.84,7.8,0.04,9.7,density50-seed2000,-71.81,new_positions:E2,-60.95,-10.86,interpolation,5.15,0.98,T1,0.06,0.31
new_positions,11,302,0,E3,True,2.95,50.9,-48.52,56.07,-4.09,12.18,14.64,density50-seed2000,6.47,new_positions:E3,5.71,0.76,interpolation,10.05,0.13,T4,0.18,0.12
new_positions,12,418,0,E3,True,-2.64,45.56,-41.2,50.26,-3.7,11.13,14.45,density50-seed2000,1.16,new_positions:E3,5.71,-4.55,interpolation,10.05,0.8,T4,-0.22,0.12
new_positions,13,339,0,E3,True,-0.49,40.41,-30.49,52.28,-2.4,11.9,12.62,density50-seed2000,3.2,new_positions:E3,5.71,-2.51,interpolation,10.05,0.44,T4,-0.07,0.12
new_positions,14,533,0,E3,True,-7.14,49.38,-40.33,39.28,-6.41,10.89,14.75,density50-seed2000,-3.1,new_positions:E3,5.71,-8.81,interpolation,10.05,1.55,T3,-0.53,0.12
new_positions,15,286,0,E3,True,10.26,30.53,-17.61,51.63,9.81,13.29,11.33,density50-seed2000,13.4,new_positions:E3,5.71,7.69,interpolation,10.05,1.35,T7,0.69,0.12
new_positions,16,249,0,E4,True,34.08,-1.41,23.83,58.78,-44.89,14.74,5.53,density50-seed2000,35.99,new_positions:E4,34.7,1.3,interpolation,7.91,0.18,T10,0.61,0.54
new_positions,17,193,1,E4,True,37.4,0.74,20.63,64.58,-38.18,15.56,5.37,density50-seed2000,39.14,new_positions:E4,34.7,4.45,interpolation,7.91,0.61,T10,0.77,0.54
new_positions,18,524,0,E4,True,15.29,56.04,-55.64,59.43,13.8,14.39,15.17,density50-seed2000,18.17,new_positions:E4,34.7,-16.52,interpolation,7.91,2.28,T7,-0.31,0.54
new_positions,19,364,1,E4,True,34.26,3.12,19.78,62.06,-40.57,15.34,5.44,density50-seed2000,36.17,new_positions:E4,34.7,1.47,interpolation,7.91,0.2,T10,0.62,0.54
new_positions,20,889,0,E4,True,37.24,61.46,-69.28,73.55,37.66,17.64,16.03,density50-seed2000,38.99,new_positions:E4,34.7,4.3,interpolation,7.91,0.59,T10,0.76,0.54
new_positions,21,336,0,E5,True,29.19,59.54,-59.2,56.58,28.39,16.62,15.71,density50-seed2000,31.36,new_positions:E5,32.2,-0.84,extrapolation,15.95,0.23,T6,0.37,0.41
new_positions,22,292,0,E5,True,28.02,54.78,-53.91,54.18,27.58,16.12,15.5,density50-seed2000,30.25,new_positions:E5,32.2,-1.95,extrapolation,15.95,0.54,T6,0.31,0.41
new_positions,23,280,0,E5,True,25.6,58.23,-61.29,60.61,25.83,15.74,16.01,density50-seed2000,27.95,new_positions:E5,32.2,-4.24,extrapolation,15.95,1.18,T6,0.19,0.41
new_positions,24,313,0,E5,True,21.61,57.1,-58.63,56.8,20.44,15.07,15.94,density50-seed2000,24.17,new_positions:E5,32.2,-8.03,extrapolation,15.95,2.24,T6,-0.0,0.41
new_positions,25,379,0,E5,True,27.93,56.91,-58.24,57.15,23.43,16.0,15.82,density50-seed2000,30.16,new_positions:E5,32.2,-2.03,extrapolation,15.95,0.57,T6,0.31,0.41
new_positions,1,308,0,E1,True,15.3,61.95,-65.22,58.29,13.25,14.24,16.52,density50,18.18,new_positions:E1,-50.19,68.38,extrapolation,11.72,13.99,T7,2.13,0.56
new_positions,2,349,0,E1,True,15.25,66.53,-70.49,59.79,8.87,14.41,16.81,density50,18.13,new_positions:E1,-50.19,68.33,extrapolation,11.72,13.98,T7,2.13,0.56
new_positions,3,466,0,E1,True,19.05,62.04,-71.19,61.58,19.46,14.25,17.57,density50,21.74,new_positions:E1,-50.19,71.93,extrapolation,11.72,14.72,T6,2.21,0.56
new_positions,4,191,0,E1,True,-24.88,15.16,-8.11,70.15,-37.79,6.69,9.66,density50,-19.93,new_positions:E1,-50.19,30.26,extrapolation,11.72,6.19,T3,1.25,0.56
new_positions,5,201,0,E1,True,26.71,27.93,-25.91,60.92,36.86,14.83,12.81,density50,29.0,new_positions:E1,-50.19,79.2,extrapolation,11.72,16.2,T6,2.38,0.56
new_positions,6,378,0,E2,True,-79.28,11.02,3.6,68.86,-2.3,0.91,8.58,density50,-71.53,new_positions:E2,-60.95,-10.59,interpolation,5.15,0.95,T1,0.07,0.31
new_positions,7,456,0,E2,True,-83.14,13.63,1.94,67.57,0.8,0.71,8.73,density50,-75.19,new_positions:E2,-60.95,-14.25,interpolation,5.15,1.28,T1,-0.02,0.31
new_positions,8,372,0,E2,True,-84.88,13.63,-0.36,71.3,4.84,0.42,8.94,density50,-76.84,new_positions:E2,-60.95,-15.9,interpolation,5.15,1.43,T1,-0.05,0.31
new_positions,9,615,0,E2,True,-83.55,15.65,-8.66,75.81,7.91,0.16,10.08,density50,-75.58,new_positions:E2,-60.95,-14.64,interpolation,5.15,1.32,T1,-0.03,0.31
new_positions,10,427,0,E2,True,-82.93,14.85,-6.16,70.92,7.86,0.21,10.12,density50,-74.99,new_positions:E2,-60.95,-14.05,interpolation,5.15,1.27,T1,-0.01,0.31
new_positions,11,370,0,E3,True,-5.2,53.6,-46.73,46.47,-11.63,11.32,14.76,density50,-1.26,new_positions:E3,5.71,-6.97,interpolation,10.05,1.22,T4,-0.4,0.12
new_positions,12,365,0,E3,True,-10.27,51.02,-43.21,36.22,-17.16,10.08,15.39,density50,-6.07,new_positions:E3,5.71,-11.78,interpolation,10.05,2.07,T3,-0.76,0.12
new_positions,13,509,0,E3,True,-9.73,50.65,-44.9,41.77,-10.79,10.22,15.33,density50,-5.56,new_positions:E3,5.71,-11.27,interpolation,10.05,1.98,T3,-0.72,0.12
new_positions,14,426,0,E3,True,4.71,46.8,-39.42,47.87,8.48,12.72,14.13,density50,8.14,new_positions:E3,5.71,2.43,interpolation,10.05,0.43,T4,0.3,0.12
new_positions,15,427,0,E3,True,-10.55,60.76,-61.93,46.95,-12.36,10.05,17.09,density50,-6.34,new_positions:E3,5.71,-12.05,interpolation,10.05,2.12,T3,-0.78,0.12
new_positions,16,899,0,E4,True,20.08,67.46,-68.81,56.44,20.72,15.55,16.67,density50,22.72,new_positions:E4,34.7,-11.98,interpolation,7.91,1.66,T6,-0.08,0.54
new_positions,17,983,0,E4,True,21.96,65.35,-67.11,55.9,19.62,15.57,16.65,density50,24.5,new_positions:E4,34.7,-10.2,interpolation,7.91,1.41,T6,0.01,0.54
new_positions,18,604,0,E4,True,40.07,57.42,-64.01,68.71,37.14,17.7,15.92,density50,41.68,new_positions:E4,34.7,6.98,interpolation,7.91,0.96,T10,0.9,0.54
new_positions,19,765,0,E4,True,20.7,62.71,-64.09,55.54,17.67,15.23,16.41,density50,23.3,new_positions:E4,34.7,-11.39,interpolation,7.91,1.57,T6,-0.05,0.54
new_positions,20,854,0,E4,True,21.03,62.03,-66.33,58.79,16.2,14.95,16.69,density50,23.62,new_positions:E4,34.7,-11.08,interpolation,7.91,1.53,T6,-0.03,0.54
new_positions,21,345,0,E5,True,27.18,55.45,-52.82,52.78,20.71,16.08,15.23,density50,29.45,new_positions:E5,32.2,-2.75,extrapolation,15.95,0.76,T6,0.27,0.41
new_positions,22,480,0,E5,True,26.32,54.77,-50.05,48.84,18.59,15.99,15.09,density50,28.63,new_positions:E5,32.2,-3.56,extrapolation,15.95,0.99,T6,0.23,0.41
new_positions,23,346,0,E5,True,27.56,53.46,-50.41,50.2,19.44,15.92,15.24,density50,29.81,new_positions:E5,32.2,-2.39,extrapolation,15.95,0.66,T6,0.29,0.41
new_positions,24,336,0,E5,True,29.33,55.42,-50.31,51.89,23.01,16.69,14.75,density50,31.49,new_positions:E5,32.2,-0.71,extrapolation,15.95,0.2,T6,0.38,0.41
new_positions,25,427,0,E5,True,21.63,59.7,-60.77,57.4,16.79,15.25,15.93,density50,24.19,new_positions:E5,32.2,-8.01,extrapolation,15.95,2.23,T6,-0.0,0.41
