density,seed,cell,successes,n,rate,ci_low,ci_high
5,1000,E5,0,5,0.0,0.0,0.4345
5,1000,reach,0,5,0.0,0.0,0.4345
5,2000,E5,0,5,0.0,0.0,0.4345
5,2000,reach,0,5,0.0,0.0,0.4345
10,1000,E5,0,5,0.0,0.0,0.4345
10,1000,reach,0,5,0.0,0.0,0.4345
10,2000,E5,0,5,0.0,0.0,0.4345
10,2000,reach,0,5,0.0,0.0,0.4345
25,1000,E5,0,5,0.0,0.0,0.4345
25,1000,reach,4,5,0.8,0.3755,0.9638
25,2000,E5,0,5,0.0,0.0,0.4345
25,2000,reach,3,5,0.6,0.2307,0.8824
50,1000,E5,0,5,0.0,0.0,0.4345
50,1000,reach,4,5,0.8,0.3755,0.9638
50,2000,E5,0,5,0.0,0.0,0.4345
50,2000,reach,3,5,0.6,0.2307,0.8824
