density,seed,episode,success,err
5,1000,1,0,-2.67
5,1000,2,0,-8.41
5,1000,3,0,-13.5
5,1000,4,0,-13.09
5,1000,5,0,-7.47
5,2000,1,0,-20.09
5,2000,2,0,-16.91
5,2000,3,0,-13.64
5,2000,4,0,-15.0
5,2000,5,0,-19.61
10,1000,1,0,-10.74
10,1000,2,0,-13.36
10,1000,3,0,-13.97
10,1000,4,0,-10.8
10,1000,5,0,-11.24
10,2000,1,0,-11.72
10,2000,2,0,-8.34
10,2000,3,0,-8.27
10,2000,4,0,-15.07
10,2000,5,0,-14.68
25,1000,1,1,0.18
25,1000,2,1,0.69
25,1000,3,1,2.69
25,1000,4,0,-1.39
25,1000,5,1,0.14
25,2000,1,1,0.12
25,2000,2,1,-0.18
25,2000,3,1,0.42
25,2000,4,0,-1.99
25,2000,5,0,1.58
50,1000,1,1,0.01
50,1000,2,1,-0.14
50,1000,3,1,0.37
50,1000,4,1,0.32
50,1000,5,0,5.93
50,2000,1,1,-0.96
50,2000,2,0,-3.12
50,2000,3,1,-0.78
50,2000,4,1,-0.84
50,2000,5,0,-3.64
