cell,episode,frame,success,instance,released,pan,lift,elbow,wrist_flex,wrist_roll,grasp_x,grasp_y,policy,az,group,err
reach_e5,1,314,0,reach_e5,True,17.73,44.08,-38.97,56.32,23.39,14.62,13.64,density10-seed2000,20.49,reach_e5:reach_e5,-11.72
reach_e5,2,231,0,reach_e5,True,21.29,43.57,-37.76,62.05,24.84,15.4,12.85,density10-seed2000,23.86,reach_e5:reach_e5,-8.34
reach_e5,3,225,0,reach_e5,True,21.37,44.24,-37.45,57.85,23.73,15.39,13.08,density10-seed2000,23.94,reach_e5:reach_e5,-8.27
reach_e5,4,377,0,reach_e5,True,14.2,51.74,-51.25,52.18,15.57,13.73,15.6,density10-seed2000,17.14,reach_e5:reach_e5,-15.07
reach_e5,5,471,0,reach_e5,True,14.61,48.92,-51.62,56.32,9.32,13.23,15.66,density10-seed2000,17.53,reach_e5:reach_e5,-14.68
reach_e5,1,230,0,reach_e5,True,18.76,47.05,-44.23,59.86,12.04,14.56,13.9,density10,21.46,reach_e5:reach_e5,-10.74
reach_e5,2,319,0,reach_e5,True,16.0,54.14,-58.09,55.74,10.38,13.59,16.36,density10,18.85,reach_e5:reach_e5,-13.36
reach_e5,3,363,0,reach_e5,True,15.36,49.62,-52.42,57.02,10.82,13.42,15.67,density10,18.24,reach_e5:reach_e5,-13.97
reach_e5,4,260,0,reach_e5,True,18.7,41.33,-36.16,56.26,19.18,14.49,13.39,density10,21.41,reach_e5:reach_e5,-10.8
reach_e5,5,275,0,reach_e5,True,18.24,48.25,-47.27,59.8,18.91,14.47,14.48,density10,20.97,reach_e5:reach_e5,-11.24
reach_e5,1,284,1,reach_e5,False,30.21,47.33,-40.03,51.49,25.99,16.61,13.75,density25-seed2000,32.32,reach_e5:reach_e5,0.12
reach_e5,2,287,1,reach_e5,True,29.9,49.61,-47.95,55.77,21.74,16.08,14.74,density25-seed2000,32.03,reach_e5:reach_e5,-0.18
reach_e5,3,331,1,reach_e5,False,30.53,50.53,-51.17,59.37,26.18,16.16,15.0,density25-seed2000,32.63,reach_e5:reach_e5,0.42
reach_e5,4,387,0,reach_e5,True,27.99,59.82,-63.78,61.76,-37.13,14.79,15.62,density25-seed2000,30.22,reach_e5:reach_e5,-1.99
reach_e5,5,325,0,reach_e5,True,31.75,59.67,-66.63,64.51,-32.0,15.11,16.03,density25-seed2000,33.78,reach_e5:reach_e5,1.58
reach_e5,1,343,1,reach_e5,True,30.28,49.03,-44.87,54.77,18.98,16.31,14.2,density25,32.39,reach_e5:reach_e5,0.18
reach_e5,2,273,1,reach_e5,True,30.81,45.98,-42.83,53.52,24.23,16.11,14.38,density25,32.89,reach_e5:reach_e5,0.69
reach_e5,3,215,1,reach_e5,True,32.92,29.66,-36.84,63.96,17.08,14.29,14.5,density25,34.89,reach_e5:reach_e5,2.69
reach_e5,4,232,0,reach_e5,True,28.62,49.4,-47.67,58.24,24.23,16.06,14.49,density25,30.82,reach_e5:reach_e5,-1.39
reach_e5,5,242,1,reach_e5,True,30.24,47.51,-44.68,56.3,29.81,16.32,14.34,density25,32.35,reach_e5:reach_e5,0.14
reach_e5,1,311,0,reach_e5,True,8.91,36.36,-35.21,54.72,7.44,12.06,14.11,density5-seed2000,12.12,reach_e5:reach_e5,-20.09
reach_e5,2,378,0,reach_e5,True,12.26,42.35,-47.0,52.66,2.28,11.95,15.97,density5-seed2000,15.3,reach_e5:reach_e5,-16.91
reach_e5,3,371,0,reach_e5,True,15.71,47.21,-55.34,56.74,5.06,12.5,16.69,density5-seed2000,18.57,reach_e5:reach_e5,-13.64
reach_e5,4,317,0,reach_e5,True,14.27,51.83,-54.8,57.74,5.24,13.31,15.75,density5-seed2000,17.2,reach_e5:reach_e5,-15.0
reach_e5,5,312,0,reach_e5,True,9.41,45.58,-47.2,57.1,1.89,12.34,15.08,density5-seed2000,12.59,reach_e5:reach_e5,-19.61
reach_e5,1,268,0,reach_e5,True,27.27,46.78,-40.8,56.73,18.1,16.07,13.45,density5,29.54,reach_e5:reach_e5,-2.67
reach_e5,2,283,0,reach_e5,True,21.22,42.41,-39.9,59.29,13.27,14.55,13.7,density5,23.8,reach_e5:reach_e5,-8.41
reach_e5,3,366,0,reach_e5,True,15.85,53.06,-65.82,57.33,8.42,12.39,18.13,density5,18.7,reach_e5:reach_e5,-13.5
reach_e5,4,338,0,reach_e5,True,16.29,53.1,-55.36,55.02,7.72,13.69,15.95,density5,19.12,reach_e5:reach_e5,-13.09
reach_e5,5,241,0,reach_e5,True,22.21,47.81,-43.47,61.59,17.89,15.45,13.45,density5,24.74,reach_e5:reach_e5,-7.47
reach_e5,1,286,1,reach_e5,True,29.07,45.97,-37.23,52.4,23.97,16.55,13.23,density50-seed2000,31.24,reach_e5:reach_e5,-0.96
reach_e5,2,284,0,reach_e5,True,26.8,50.18,-49.44,60.03,26.27,15.85,14.63,density50-seed2000,29.09,reach_e5:reach_e5,-3.12
reach_e5,3,279,1,reach_e5,False,29.26,52.72,-52.09,59.73,28.63,16.36,14.86,density50-seed2000,31.42,reach_e5:reach_e5,-0.78
reach_e5,4,270,1,reach_e5,True,29.2,44.53,-39.63,54.33,21.38,16.01,13.79,density50-seed2000,31.37,reach_e5:reach_e5,-0.84
reach_e5,5,237,0,reach_e5,True,26.25,50.27,-46.3,54.55,20.44,15.86,14.4,density50-seed2000,28.57,reach_e5:reach_e5,-3.64
reach_e5,1,286,1,reach_e5,True,30.1,49.19,-45.43,57.99,29.14,16.59,14.07,density50,32.22,reach_e5:reach_e5,0.01
reach_e5,2,280,1,reach_e5,True,29.94,51.34,-49.26,56.53,28.63,16.42,14.75,density50,32.07,reach_e5:reach_e5,-0.14
reach_e5,3,287,1,reach_e5,True,30.48,50.85,-45.75,56.37,29.7,16.86,14.04,density50,32.58,reach_e5:reach_e5,0.37
reach_e5,4,299,1,reach_e5,True,30.42,50.67,-50.06,60.18,31.24,16.45,14.69,density50,32.52,reach_e5:reach_e5,0.32
reach_e5,5,128,0,reach_e5,True,36.34,31.87,-35.9,65.32,43.6,15.89,14.0,density50,38.14,reach_e5:reach_e5,5.93
