cell,episode,frame,success,instance,released,pan,lift,elbow,wrist_flex,wrist_roll,grasp_x,grasp_y,policy,az,group,target,true_az,err
in_distribution,1,207,1,-,True,24.21,20.65,1.62,53.08,24.62,16.05,8.37,density10-seed2000,26.63,in_distribution,T6,24.23,2.41
in_distribution,2,205,1,-,True,22.71,16.44,4.64,54.91,28.12,15.58,8.21,density10-seed2000,25.21,in_distribution,T6,24.23,0.98
in_distribution,3,185,1,-,True,24.24,20.03,1.01,57.25,24.19,16.02,8.19,density10-seed2000,26.66,in_distribution,T6,24.23,2.43
in_distribution,4,219,0,-,True,23.35,17.82,1.46,59.35,27.7,15.69,8.27,density10-seed2000,25.82,in_distribution,T6,24.23,1.59
in_distribution,5,177,1,-,True,22.27,14.69,8.85,51.94,29.55,15.63,7.84,density10-seed2000,24.79,in_distribution,T6,24.23,0.56
in_distribution,6,192,1,-,True,23.18,18.34,3.34,55.45,26.38,15.83,8.13,density10-seed2000,25.66,in_distribution,T6,24.23,1.43
in_distribution,7,196,1,-,True,22.99,19.68,3.73,53.32,24.24,15.98,8.02,density10-seed2000,25.48,in_distribution,T6,24.23,1.25
in_distribution,8,202,1,-,True,23.02,20.44,-1.03,64.42,26.69,16.02,7.91,density10-seed2000,25.5,in_distribution,T6,24.23,1.28
in_distribution,9,139,1,-,True,21.95,16.26,5.46,57.43,26.72,15.62,7.8,density10-seed2000,24.49,in_distribution,T6,24.23,0.26
in_distribution,10,214,1,-,True,22.55,14.82,7.06,52.51,25.78,15.41,8.14,density10-seed2000,25.06,in_distribution,T6,24.23,0.83
in_distribution,11,177,1,-,False,23.68,18.97,-2.04,59.1,26.89,15.48,8.9,density10-seed2000,26.13,in_distribution,T6,24.23,1.9
in_distribution,12,219,1,-,True,23.48,17.7,4.59,54.18,28.93,15.9,8.09,density10-seed2000,25.94,in_distribution,T6,24.23,1.71
in_distribution,13,205,1,-,True,22.55,18.66,5.96,53.21,32.12,16.17,7.76,density10-seed2000,25.06,in_distribution,T6,24.23,0.83
in_distribution,14,327,0,-,True,12.07,15.47,4.69,59.88,22.15,14.07,7.9,density10-seed2000,15.12,in_distribution,T6,24.23,-9.11
in_distribution,15,127,1,-,True,22.06,11.49,6.4,56.53,24.7,14.76,8.41,density10-seed2000,24.59,in_distribution,T6,24.23,0.37
spot_check,1,410,1,T1,True,-81.93,16.14,2.93,70.32,9.72,1.77,7.9,density10-seed2000,-74.04,spot_check:T1,T1,-74.48,0.43
spot_check,2,273,1,T1,True,-82.5,12.82,5.89,66.75,12.16,1.34,8.14,density10-seed2000,-74.59,spot_check:T1,T1,-74.48,-0.11
spot_check,3,220,1,T3,True,-12.39,42.64,-27.0,30.37,-13.07,10.11,13.66,density10-seed2000,-8.08,spot_check:T3,T3,-9.46,1.38
spot_check,4,168,1,T3,False,-12.27,50.24,-39.78,37.15,-18.84,10.11,14.64,density10-seed2000,-7.97,spot_check:T3,T3,-9.46,1.49
spot_check,5,283,1,T10,True,42.32,41.62,-37.61,63.34,43.17,18.25,12.97,density10-seed2000,43.81,spot_check:T10,T10,43.53,0.28
spot_check,6,284,1,T10,True,38.88,39.34,-30.64,60.36,38.73,18.03,12.03,density10-seed2000,40.55,spot_check:T10,T10,43.53,-2.98
in_distribution,1,187,1,-,True,23.62,19.56,-1.05,61.6,28.61,15.85,8.35,density10,26.07,in_distribution,T6,24.23,1.85
in_distribution,2,216,1,-,False,22.87,18.71,-1.43,63.13,26.25,15.55,8.4,density10,25.36,in_distribution,T6,24.23,1.13
in_distribution,3,167,1,-,True,23.43,18.22,-0.6,61.24,24.31,15.52,8.46,density10,25.89,in_distribution,T6,24.23,1.67
in_distribution,4,441,0,-,True,17.35,28.23,-18.15,64.38,21.48,14.47,10.59,density10,20.13,in_distribution,T6,24.23,-4.1
in_distribution,5,158,1,-,True,21.33,22.79,-7.26,63.31,25.83,15.39,9.08,density10,23.9,in_distribution,T6,24.23,-0.33
in_distribution,6,171,1,-,True,24.9,19.71,0.6,58.22,25.15,16.05,8.24,density10,27.29,in_distribution,T6,24.23,3.06
in_distribution,7,184,1,-,True,22.91,15.38,3.95,58.48,29.46,15.48,8.19,density10,25.4,in_distribution,T6,24.23,1.17
in_distribution,8,161,1,-,True,23.95,18.28,1.21,58.81,29.22,15.84,8.31,density10,26.39,in_distribution,T6,24.23,2.16
in_distribution,9,173,1,-,True,23.5,15.81,5.4,58.17,30.77,15.84,7.83,density10,25.96,in_distribution,T6,24.23,1.73
in_distribution,10,200,1,-,True,20.26,19.65,-4.11,63.96,26.71,15.09,8.81,density10,22.89,in_distribution,T6,24.23,-1.34
in_distribution,11,168,1,-,True,23.93,20.31,-3.06,62.21,26.65,15.76,8.6,density10,26.37,in_distribution,T6,24.23,2.14
in_distribution,12,144,1,-,True,22.69,18.16,-0.86,61.04,26.89,15.42,8.57,density10,25.19,in_distribution,T6,24.23,0.96
in_distribution,13,145,1,-,True,24.16,16.74,0.91,59.41,26.93,15.51,8.55,density10,26.59,in_distribution,T6,24.23,2.36
in_distribution,14,176,0,-,True,22.0,19.59,-6.87,60.18,25.38,14.77,9.8,density10,24.54,in_distribution,T6,24.23,0.31
in_distribution,15,153,1,-,True,20.6,23.7,-6.94,66.15,23.34,15.57,8.56,density10,23.21,in_distribution,T6,24.23,-1.02
spot_check,1,285,1,T1,True,-80.09,10.41,10.32,63.85,7.72,1.55,7.73,density10,-72.3,spot_check:T1,T1,-74.48,2.18
spot_check,2,274,1,T1,False,-80.39,10.67,6.2,66.26,7.31,1.13,8.4,density10,-72.58,spot_check:T1,T1,-74.48,1.89
spot_check,3,170,1,T3,False,-13.05,45.03,-37.06,34.98,-18.31,9.27,15.08,density10,-8.71,spot_check:T3,T3,-9.46,0.75
spot_check,4,187,1,T3,True,-11.61,44.88,-35.5,38.01,-17.58,9.77,14.44,density10,-7.34,spot_check:T3,T3,-9.46,2.12
spot_check,5,258,1,T10,True,39.6,37.05,-29.9,60.1,39.27,17.78,12.25,density10,41.23,spot_check:T10,T10,43.53,-2.3
spot_check,6,170,1,T10,True,37.23,30.75,-21.17,62.31,38.32,17.45,11.05,density10,38.98,spot_check:T10,T10,43.53,-4.55
in_distribution,1,318,1,-,False,19.3,17.88,-2.01,61.18,26.23,14.77,8.89,density25-fixedstep,21.98,in_distribution,T6,24.23,-2.25
in_distribution,2,205,1,-,True,21.37,17.93,-2.91,64.06,28.0,15.09,8.8,density25-fixedstep,23.94,in_distribution,T6,24.23,-0.29
in_distribution,3,311,0,-,True,15.08,11.48,7.45,57.34,28.75,14.09,8.19,density25-fixedstep,17.97,in_distribution,T6,24.23,-6.25
in_distribution,4,245,1,-,True,21.56,25.38,-7.66,64.87,27.74,15.97,8.61,density25-fixedstep,24.12,in_distribution,T6,24.23,-0.11
in_distribution,5,233,0,-,True,20.08,25.04,-14.64,65.67,24.09,14.77,10.17,density25-fixedstep,22.72,in_distribution,T6,24.23,-1.51
in_distribution,6,414,0,-,True,10.97,53.95,-58.68,50.05,17.04,12.72,17.2,density25-fixedstep,14.07,in_distribution,T6,24.23,-10.15
in_distribution,7,259,0,-,True,16.63,25.74,-10.65,65.76,25.14,14.99,9.17,density25-fixedstep,19.44,in_distribution,T6,24.23,-4.78
in_distribution,8,236,1,-,False,18.71,22.51,-10.43,67.17,21.16,14.64,9.44,density25-fixedstep,21.42,in_distribution,T6,24.23,-2.81
in_distribution,9,226,0,-,True,21.65,16.28,1.3,63.69,25.03,15.27,8.11,density25-fixedstep,24.2,in_distribution,T6,24.23,-0.02
in_distribution,10,220,1,-,True,21.09,14.35,6.95,55.17,29.02,15.29,8.01,density25-fixedstep,23.67,in_distribution,T6,24.23,-0.55
in_distribution,11,310,1,-,True,21.76,18.99,0.15,61.13,21.39,15.48,8.16,density25-fixedstep,24.31,in_distribution,T6,24.23,0.08
in_distribution,12,235,1,-,True,21.77,18.15,-6.2,65.55,26.47,14.79,9.35,density25-fixedstep,24.32,in_distribution,T6,24.23,0.09
in_distribution,13,249,1,-,False,21.54,19.21,-4.57,66.34,27.22,15.22,8.74,density25-fixedstep,24.1,in_distribution,T6,24.23,-0.13
in_distribution,14,346,0,-,True,9.85,19.61,-8.12,58.34,20.03,12.83,10.33,density25-fixedstep,13.01,in_distribution,T6,24.23,-11.22
in_distribution,15,218,1,-,True,21.56,14.81,2.49,58.96,28.0,15.0,8.57,density25-fixedstep,24.12,in_distribution,T6,24.23,-0.11
spot_check,1,230,1,T1,True,-79.17,14.08,-0.67,69.62,13.17,1.32,9.13,density25-fixedstep,-71.43,spot_check:T1,T1,-74.48,3.05
spot_check,2,245,0,T1,True,-79.31,12.62,4.24,73.67,15.07,1.85,7.85,density25-fixedstep,-71.56,spot_check:T1,T1,-74.48,2.92
spot_check,3,210,1,T3,True,-14.04,44.34,-22.93,28.06,-9.05,10.73,12.73,density25-fixedstep,-9.65,spot_check:T3,T3,-9.46,-0.19
spot_check,4,214,1,T3,False,-14.91,49.75,-49.0,45.11,-12.5,8.94,16.12,density25-fixedstep,-10.47,spot_check:T3,T3,-9.46,-1.01
spot_check,5,260,1,T10,True,42.38,42.27,-37.18,60.76,37.59,18.21,12.98,density25-fixedstep,43.87,spot_check:T10,T10,43.53,0.34
spot_check,6,267,1,T10,True,42.2,38.81,-34.27,64.44,43.76,18.17,12.56,density25-fixedstep,43.7,spot_check:T10,T10,43.53,0.17
in_distribution,1,169,1,-,True,21.12,14.34,8.93,50.63,27.41,15.33,8.0,density25-seed2000,23.7,in_distribution,T6,24.23,-0.53
in_distribution,2,432,1,-,True,22.28,16.81,2.87,56.17,24.69,15.35,8.41,density25-seed2000,24.8,in_distribution,T6,24.23,0.57
in_distribution,3,228,1,-,False,22.14,16.19,5.46,54.34,23.21,15.44,8.08,density25-seed2000,24.67,in_distribution,T6,24.23,0.44
in_distribution,4,181,1,-,False,23.07,16.62,6.83,51.07,24.19,15.71,8.03,density25-seed2000,25.55,in_distribution,T6,24.23,1.32
in_distribution,5,193,1,-,True,23.17,17.48,3.52,56.98,27.82,15.77,8.09,density25-seed2000,25.65,in_distribution,T6,24.23,1.42
in_distribution,6,156,1,-,True,23.74,18.53,3.69,56.5,28.86,16.07,7.93,density25-seed2000,26.19,in_distribution,T6,24.23,1.96
in_distribution,7,157,1,-,True,21.72,18.84,1.82,58.44,20.58,15.54,8.06,density25-seed2000,24.27,in_distribution,T6,24.23,0.04
in_distribution,8,186,1,-,True,22.64,16.56,5.75,53.6,23.88,15.59,8.03,density25-seed2000,25.14,in_distribution,T6,24.23,0.92
in_distribution,9,169,1,-,True,23.27,14.8,3.92,54.36,28.28,15.23,8.69,density25-seed2000,25.74,in_distribution,T6,24.23,1.51
in_distribution,10,207,1,-,True,22.18,22.59,-5.74,63.7,23.22,15.62,8.69,density25-seed2000,24.71,in_distribution,T6,24.23,0.48
in_distribution,11,160,1,-,True,21.33,16.01,3.62,57.53,25.35,15.23,8.24,density25-seed2000,23.9,in_distribution,T6,24.23,-0.33
in_distribution,12,204,1,-,True,22.36,19.62,-1.7,59.8,26.11,15.49,8.65,density25-seed2000,24.88,in_distribution,T6,24.23,0.65
in_distribution,13,194,1,-,True,21.5,21.3,-3.7,62.1,23.92,15.49,8.6,density25-seed2000,24.06,in_distribution,T6,24.23,-0.17
in_distribution,14,192,1,-,False,21.54,17.33,1.77,57.57,21.45,15.2,8.41,density25-seed2000,24.1,in_distribution,T6,24.23,-0.13
in_distribution,15,202,1,-,True,23.42,20.0,-1.62,60.12,27.29,15.75,8.54,density25-seed2000,25.88,in_distribution,T6,24.23,1.66
spot_check,1,238,1,T1,True,-82.32,11.28,9.29,63.27,8.37,1.29,7.92,density25-seed2000,-74.41,spot_check:T1,T1,-74.48,0.06
spot_check,2,245,1,T1,True,-81.47,8.98,10.21,60.82,10.82,1.03,8.33,density25-seed2000,-73.61,spot_check:T1,T1,-74.48,0.87
spot_check,3,187,1,T3,True,-12.07,45.25,-32.59,30.55,-11.81,9.97,14.51,density25-seed2000,-7.78,spot_check:T3,T3,-9.46,1.68
spot_check,4,216,1,T3,True,-13.25,42.57,-25.91,25.96,-14.3,9.92,13.85,density25-seed2000,-8.9,spot_check:T3,T3,-9.46,0.56
spot_check,5,211,1,T10,False,43.26,42.95,-38.96,61.24,40.0,18.3,13.24,density25-seed2000,44.7,spot_check:T10,T10,43.53,1.17
spot_check,6,233,1,T10,True,43.65,42.53,-36.77,60.89,40.93,18.56,12.85,density25-seed2000,45.07,spot_check:T10,T10,43.53,1.54
in_distribution,1,178,1,-,True,22.84,14.89,6.48,52.41,23.67,15.34,8.25,density25,25.33,in_distribution,T6,24.23,1.11
in_distribution,2,217,1,-,True,21.27,13.26,11.69,45.35,23.92,15.21,8.03,density25,23.84,in_distribution,T6,24.23,-0.38
in_distribution,3,191,1,-,True,23.36,14.08,8.88,49.15,17.9,15.31,8.09,density25,25.83,in_distribution,T6,24.23,1.6
in_distribution,4,174,1,-,False,22.33,15.0,9.61,48.74,28.93,15.66,7.93,density25,24.85,in_distribution,T6,24.23,0.62
in_distribution,5,179,1,-,True,23.01,16.83,5.87,53.17,23.67,15.69,8.0,density25,25.49,in_distribution,T6,24.23,1.27
in_distribution,6,153,1,-,True,23.05,18.05,1.82,59.37,29.1,15.77,8.16,density25,25.53,in_distribution,T6,24.23,1.3
in_distribution,7,152,1,-,True,22.99,15.23,8.34,51.65,26.39,15.69,7.86,density25,25.48,in_distribution,T6,24.23,1.25
in_distribution,8,160,1,-,True,24.05,14.29,7.38,52.8,22.71,15.5,8.08,density25,26.48,in_distribution,T6,24.23,2.25
in_distribution,9,183,1,-,True,23.71,17.18,6.13,52.62,17.68,15.74,7.88,density25,26.16,in_distribution,T6,24.23,1.93
in_distribution,10,185,1,-,True,23.3,16.62,6.56,53.34,25.58,15.82,7.87,density25,25.77,in_distribution,T6,24.23,1.54
in_distribution,11,181,1,-,True,22.52,12.9,9.4,50.76,24.49,15.24,8.07,density25,25.03,in_distribution,T6,24.23,0.8
in_distribution,12,175,1,-,False,24.61,15.4,7.17,50.97,18.48,15.59,8.09,density25,27.01,in_distribution,T6,24.23,2.78
in_distribution,13,179,1,-,True,22.92,15.61,7.22,49.94,24.25,15.5,8.21,density25,25.41,in_distribution,T6,24.23,1.18
in_distribution,14,224,1,-,True,23.1,19.67,2.28,52.72,22.75,15.75,8.4,density25,25.58,in_distribution,T6,24.23,1.35
in_distribution,15,183,1,-,True,22.7,13.36,12.09,46.05,21.15,15.44,7.82,density25,25.2,in_distribution,T6,24.23,0.97
spot_check,1,280,1,T1,True,-80.57,11.52,9.89,63.2,5.89,1.59,7.71,density25,-72.75,spot_check:T1,T1,-74.48,1.72
spot_check,2,244,1,T1,True,-80.53,9.02,11.64,61.89,11.95,1.41,7.89,density25,-72.72,spot_check:T1,T1,-74.48,1.76
spot_check,3,240,1,T3,True,-11.94,44.95,-29.9,30.9,-16.63,10.19,13.86,density25,-7.66,spot_check:T3,T3,-9.46,1.81
spot_check,4,190,1,T3,True,-12.29,42.26,-25.52,30.84,-13.19,10.26,13.33,density25,-7.99,spot_check:T3,T3,-9.46,1.47
spot_check,5,235,1,T10,True,44.21,43.36,-37.27,60.65,42.07,18.74,12.86,density25,45.6,spot_check:T10,T10,43.53,2.07
spot_check,6,208,1,T10,False,42.84,43.74,-41.45,62.48,43.4,18.2,13.6,density25,44.3,spot_check:T10,T10,43.53,0.77
in_distribution,1,208,1,-,True,20.09,14.97,6.44,54.21,29.75,15.19,8.14,density5-seed2000,22.72,in_distribution,T6,24.23,-1.5
in_distribution,2,190,1,-,True,21.41,15.95,4.02,57.71,24.62,15.27,8.13,density5-seed2000,23.98,in_distribution,T6,24.23,-0.25
in_distribution,3,204,1,-,True,21.82,18.02,0.62,56.19,22.42,15.18,8.71,density5-seed2000,24.37,in_distribution,T6,24.23,0.14
in_distribution,4,232,1,-,False,19.38,13.33,12.49,49.14,28.18,15.32,7.52,density5-seed2000,22.05,in_distribution,T6,24.23,-2.18
in_distribution,5,224,1,-,True,18.17,9.74,10.55,54.62,27.21,14.42,7.99,density5-seed2000,20.9,in_distribution,T6,24.23,-3.32
in_distribution,6,222,1,-,True,20.57,24.13,-6.44,66.49,14.66,15.55,8.26,density5-seed2000,23.18,in_distribution,T6,24.23,-1.05
in_distribution,7,214,1,-,True,23.22,14.27,6.1,53.16,26.31,15.31,8.38,density5-seed2000,25.69,in_distribution,T6,24.23,1.47
in_distribution,8,176,1,-,False,19.85,13.27,7.29,54.93,25.64,14.88,8.11,density5-seed2000,22.5,in_distribution,T6,24.23,-1.73
in_distribution,9,239,1,-,True,18.89,14.47,11.0,53.73,26.58,15.43,7.21,density5-seed2000,21.59,in_distribution,T6,24.23,-2.64
in_distribution,10,171,1,-,True,24.47,10.79,8.64,56.64,27.37,15.29,8.0,density5-seed2000,26.88,in_distribution,T6,24.23,2.65
in_distribution,11,219,1,-,True,18.55,10.23,11.77,51.73,26.91,14.6,7.92,density5-seed2000,21.26,in_distribution,T6,24.23,-2.96
in_distribution,12,218,1,-,True,17.29,11.62,12.53,52.28,26.04,14.8,7.47,density5-seed2000,20.07,in_distribution,T6,24.23,-4.16
in_distribution,13,407,1,-,True,18.41,16.02,0.09,65.18,23.85,14.67,8.3,density5-seed2000,21.13,in_distribution,T6,24.23,-3.1
in_distribution,14,191,1,-,True,17.03,9.49,10.91,57.82,27.11,14.39,7.64,density5-seed2000,19.82,in_distribution,T6,24.23,-4.41
in_distribution,15,205,1,-,True,17.76,11.46,10.46,51.21,25.02,14.5,8.06,density5-seed2000,20.51,in_distribution,T6,24.23,-3.71
spot_check,1,336,1,T1,False,-81.69,10.52,10.11,63.27,15.8,1.48,7.91,density5-seed2000,-73.82,spot_check:T1,T1,-74.48,0.66
spot_check,2,275,1,T1,True,-81.65,13.31,7.56,64.32,16.05,1.74,7.95,density5-seed2000,-73.78,spot_check:T1,T1,-74.48,0.7
spot_check,3,242,1,T3,False,-11.99,40.47,-27.62,29.03,-13.0,9.61,14.28,density5-seed2000,-7.7,spot_check:T3,T3,-9.46,1.76
spot_check,4,270,1,T3,True,-10.89,39.14,-26.05,32.73,-10.2,9.91,13.78,density5-seed2000,-6.66,spot_check:T3,T3,-9.46,2.8
spot_check,5,341,0,T10,True,34.46,42.11,-34.27,58.71,29.24,17.26,12.54,density5-seed2000,36.36,spot_check:T10,T10,43.53,-7.18
spot_check,6,290,0,T10,True,33.21,41.72,-43.44,59.43,27.15,15.83,14.62,density5-seed2000,35.17,spot_check:T10,T10,43.53,-8.36
in_distribution,1,159,1,-,True,20.47,16.97,1.72,57.81,22.03,15.0,8.47,density5,23.09,in_distribution,T6,24.23,-1.14
in_distribution,2,189,1,-,True,21.16,15.05,5.06,56.59,29.86,15.26,8.2,density5,23.74,in_distribution,T6,24.23,-0.49
in_distribution,3,178,0,-,True,22.91,14.79,9.31,54.23,29.03,15.88,7.48,density5,25.4,in_distribution,T6,24.23,1.17
in_distribution,4,178,1,-,True,21.24,14.92,1.34,59.97,22.46,14.76,8.67,density5,23.82,in_distribution,T6,24.23,-0.41
in_distribution,5,171,1,-,True,23.05,16.11,3.12,56.09,27.91,15.41,8.49,density5,25.53,in_distribution,T6,24.23,1.3
in_distribution,6,184,1,-,True,23.56,18.26,-1.02,60.09,25.76,15.48,8.67,density5,26.02,in_distribution,T6,24.23,1.79
in_distribution,7,159,1,-,True,21.81,18.87,0.56,55.53,24.84,15.36,8.67,density5,24.36,in_distribution,T6,24.23,0.13
in_distribution,8,178,1,-,False,21.2,16.8,1.73,57.27,26.75,15.14,8.59,density5,23.78,in_distribution,T6,24.23,-0.45
in_distribution,9,202,1,-,True,20.15,18.48,5.4,53.27,25.11,15.6,7.87,density5,22.78,in_distribution,T6,24.23,-1.45
in_distribution,10,194,1,-,True,22.87,19.72,1.97,58.84,25.84,16.0,7.89,density5,25.36,in_distribution,T6,24.23,1.13
in_distribution,11,161,1,-,True,21.77,20.77,-1.75,60.01,25.99,15.63,8.46,density5,24.32,in_distribution,T6,24.23,0.09
in_distribution,12,187,1,-,True,22.19,15.78,4.9,57.6,24.63,15.45,7.96,density5,24.72,in_distribution,T6,24.23,0.49
in_distribution,13,153,1,-,True,24.4,20.16,-3.42,60.47,28.17,15.71,8.89,density5,26.81,in_distribution,T6,24.23,2.59
in_distribution,14,385,0,-,True,14.28,25.51,-15.79,63.68,16.46,13.71,10.54,density5,17.21,in_distribution,T6,24.23,-7.01
in_distribution,15,176,1,-,True,24.23,16.05,7.56,53.47,30.05,16.06,7.75,density5,26.65,in_distribution,T6,24.23,2.42
spot_check,1,542,1,T1,True,-81.75,14.66,3.88,69.55,14.98,1.71,8.04,density5,-73.87,spot_check:T1,T1,-74.48,0.6
spot_check,2,272,1,T1,True,-79.5,8.06,9.23,62.22,13.06,1.09,8.56,density5,-71.74,spot_check:T1,T1,-74.48,2.74
spot_check,3,225,1,T3,True,-9.33,38.01,-19.89,26.8,-9.45,10.46,13.13,density5,-5.18,spot_check:T3,T3,-9.46,4.28
spot_check,4,244,1,T3,True,-12.46,42.67,-25.24,29.04,-10.49,10.33,13.41,density5,-8.15,spot_check:T3,T3,-9.46,1.31
spot_check,5,234,0,T10,True,42.2,34.17,-23.61,56.9,37.37,18.21,11.55,density5,43.7,spot_check:T10,T10,43.53,0.17
spot_check,6,290,0,T10,True,37.97,37.55,-25.81,57.25,33.13,17.95,11.48,density5,39.68,spot_check:T10,T10,43.53,-3.85
in_distribution,1,185,0,-,True,22.67,22.91,-15.13,69.46,26.71,14.84,10.24,density50-fixedstep,25.17,in_distribution,T6,24.23,0.94
in_distribution,2,290,0,-,True,24.77,34.08,-22.73,68.55,31.23,16.35,10.31,density50-fixedstep,27.16,in_distribution,T6,24.23,2.94
in_distribution,3,234,0,-,True,22.13,29.3,-19.28,67.44,20.27,15.26,10.32,density50-fixedstep,24.66,in_distribution,T6,24.23,0.43
in_distribution,4,207,1,-,False,24.75,22.48,-7.86,65.92,22.13,15.73,8.94,density50-fixedstep,27.15,in_distribution,T6,24.23,2.92
in_distribution,5,259,1,-,True,21.39,14.23,6.75,52.02,24.42,15.06,8.35,density50-fixedstep,23.96,in_distribution,T6,24.23,-0.27
in_distribution,6,127,1,-,True,24.32,3.18,4.38,67.07,33.26,13.8,9.21,density50-fixedstep,26.74,in_distribution,T6,24.23,2.51
in_distribution,7,237,1,-,False,22.85,25.74,-10.15,65.75,26.11,15.89,9.01,density50-fixedstep,25.34,in_distribution,T6,24.23,1.12
in_distribution,8,214,1,-,True,22.07,29.52,-19.83,69.59,23.46,15.37,10.22,density50-fixedstep,24.6,in_distribution,T6,24.23,0.38
in_distribution,9,220,0,-,True,20.61,29.19,-17.11,63.3,22.78,15.2,10.29,density50-fixedstep,23.22,in_distribution,T6,24.23,-1.01
in_distribution,10,191,0,-,True,21.21,32.45,-26.63,74.27,28.06,15.24,10.89,density50-fixedstep,23.79,in_distribution,T6,24.23,-0.44
in_distribution,11,260,1,-,False,23.78,15.05,4.2,55.91,26.88,15.41,8.41,density50-fixedstep,26.23,in_distribution,T6,24.23,2.0
in_distribution,12,239,0,-,True,21.93,31.92,-24.51,67.71,23.21,15.14,11.1,density50-fixedstep,24.47,in_distribution,T6,24.23,0.24
in_distribution,13,299,1,-,True,21.99,17.41,5.5,55.93,23.41,15.72,7.72,density50-fixedstep,24.53,in_distribution,T6,24.23,0.3
in_distribution,14,338,1,-,True,18.01,30.2,-19.39,62.15,22.42,14.7,10.78,density50-fixedstep,20.75,in_distribution,T6,24.23,-3.48
in_distribution,15,286,0,-,True,15.65,23.28,-22.66,74.63,18.87,13.07,11.38,density50-fixedstep,18.51,in_distribution,T6,24.23,-5.71
spot_check,1,262,1,T1,False,-77.88,21.52,-6.11,74.65,19.74,2.56,8.73,density50-fixedstep,-70.2,spot_check:T1,T1,-74.48,4.27
spot_check,2,242,1,T1,True,-83.45,12.58,2.35,70.93,10.28,0.85,8.56,density50-fixedstep,-75.49,spot_check:T1,T1,-74.48,-1.01
spot_check,3,253,1,T3,True,-12.11,52.59,-41.49,40.09,-9.01,10.68,14.45,density50-fixedstep,-7.82,spot_check:T3,T3,-9.46,1.64
spot_check,4,270,1,T3,False,-13.42,48.43,-38.94,36.35,-9.64,9.87,14.91,density50-fixedstep,-9.06,spot_check:T3,T3,-9.46,0.4
spot_check,5,264,1,T10,False,42.36,48.55,-50.5,68.67,42.44,18.13,14.28,density50-fixedstep,43.85,spot_check:T10,T10,43.53,0.32
spot_check,6,267,1,T10,True,42.52,37.71,-34.69,62.4,38.67,17.76,12.98,density50-fixedstep,44.0,spot_check:T10,T10,43.53,0.47
in_distribution,1,405,1,-,True,23.52,22.93,-7.17,63.79,25.05,15.72,8.96,density50-seed2000,25.98,in_distribution,T6,24.23,1.75
in_distribution,2,501,1,-,True,22.55,22.47,-4.79,61.81,25.28,15.73,8.69,density50-seed2000,25.06,in_distribution,T6,24.23,0.83
in_distribution,3,180,1,-,True,23.72,20.49,-2.99,61.37,28.81,15.79,8.66,density50-seed2000,26.17,in_distribution,T6,24.23,1.94
in_distribution,4,301,1,-,True,23.73,21.21,-1.51,59.33,25.46,15.97,8.38,density50-seed2000,26.18,in_distribution,T6,24.23,1.95
in_distribution,5,232,1,-,True,22.2,21.23,-5.95,64.37,25.11,15.4,8.91,density50-seed2000,24.73,in_distribution,T6,24.23,0.5
in_distribution,6,255,1,-,True,23.02,15.47,9.02,48.89,27.87,15.75,7.96,density50-seed2000,25.5,in_distribution,T6,24.23,1.28
in_distribution,7,356,1,-,True,22.17,18.9,-0.64,61.99,26.97,15.57,8.32,density50-seed2000,24.7,in_distribution,T6,24.23,0.47
in_distribution,8,349,1,-,True,22.86,19.73,1.45,58.01,26.94,15.92,8.1,density50-seed2000,25.35,in_distribution,T6,24.23,1.12
in_distribution,9,178,1,-,True,23.14,22.34,-7.55,62.61,29.67,15.55,9.3,density50-seed2000,25.62,in_distribution,T6,24.23,1.39
in_distribution,10,317,1,-,True,21.74,22.0,-3.84,62.61,22.45,15.63,8.45,density50-seed2000,24.29,in_distribution,T6,24.23,0.06
in_distribution,11,199,1,-,True,23.24,16.94,4.18,56.09,25.66,15.68,8.09,density50-seed2000,25.71,in_distribution,T6,24.23,1.49
in_distribution,12,224,1,-,True,23.54,14.67,8.78,51.39,29.7,15.77,7.9,density50-seed2000,26.0,in_distribution,T6,24.23,1.77
in_distribution,13,349,1,-,True,22.74,26.42,-10.68,67.41,24.84,15.98,8.85,density50-seed2000,25.24,in_distribution,T6,24.23,1.01
in_distribution,14,276,1,-,True,23.3,16.83,7.71,49.3,30.36,15.94,8.02,density50-seed2000,25.77,in_distribution,T6,24.23,1.54
in_distribution,15,286,1,-,True,23.05,19.14,0.12,58.85,22.87,15.61,8.37,density50-seed2000,25.53,in_distribution,T6,24.23,1.3
spot_check,1,246,1,T1,False,-82.47,13.4,7.63,66.0,7.96,1.56,7.68,density50-seed2000,-74.56,spot_check:T1,T1,-74.48,-0.08
spot_check,2,251,1,T1,True,-82.5,7.79,13.35,62.44,8.28,1.08,7.63,density50-seed2000,-74.59,spot_check:T1,T1,-74.48,-0.11
spot_check,3,199,1,T3,False,-11.89,44.45,-34.81,34.76,-12.81,9.71,14.72,density50-seed2000,-7.61,spot_check:T3,T3,-9.46,1.85
spot_check,4,230,1,T3,True,-11.53,45.19,-31.18,31.96,-10.07,10.3,14.07,density50-seed2000,-7.27,spot_check:T3,T3,-9.46,2.19
spot_check,5,194,1,T10,True,42.91,48.62,-46.76,67.54,45.11,18.71,13.54,density50-seed2000,44.37,spot_check:T10,T10,43.53,0.84
spot_check,6,206,1,T10,True,42.63,50.44,-48.48,68.93,47.2,18.9,13.53,density50-seed2000,44.1,spot_check:T10,T10,43.53,0.57
in_distribution,1,222,1,-,True,23.31,19.28,0.78,58.52,19.5,15.68,8.2,density50,25.78,in_distribution,T6,24.23,1.55
in_distribution,2,347,1,-,True,23.81,19.27,0.52,57.37,24.97,15.77,8.42,density50,26.25,in_distribution,T6,24.23,2.03
in_distribution,3,229,0,-,True,23.86,18.49,1.05,58.74,25.93,15.77,8.29,density50,26.3,in_distribution,T6,24.23,2.07
in_distribution,4,221,1,-,True,24.68,19.73,-1.17,61.33,24.98,15.92,8.33,density50,27.08,in_distribution,T6,24.23,2.85
in_distribution,5,688,1,-,True,24.04,19.96,-0.7,61.63,28.4,16.02,8.19,density50,26.47,in_distribution,T6,24.23,2.24
in_distribution,6,379,1,-,True,23.55,21.13,-3.95,62.76,26.81,15.78,8.63,density50,26.01,in_distribution,T6,24.23,1.78
in_distribution,7,284,1,-,True,23.15,19.1,3.03,56.94,26.06,15.98,7.93,density50,25.63,in_distribution,T6,24.23,1.4
in_distribution,8,628,1,-,True,22.71,17.94,3.99,55.3,23.42,15.7,8.04,density50,25.21,in_distribution,T6,24.23,0.98
in_distribution,9,270,1,-,True,23.72,20.84,-2.95,61.37,24.81,15.78,8.56,density50,26.17,in_distribution,T6,24.23,1.94
in_distribution,10,582,1,-,True,23.55,20.5,-2.88,61.14,24.34,15.68,8.62,density50,26.01,in_distribution,T6,24.23,1.78
in_distribution,11,341,1,-,True,24.26,16.55,6.44,52.73,27.07,15.92,7.98,density50,26.68,in_distribution,T6,24.23,2.45
in_distribution,12,249,1,-,True,22.67,22.17,-4.13,62.55,25.16,15.8,8.52,density50,25.17,in_distribution,T6,24.23,0.94
in_distribution,13,188,1,-,True,23.81,16.25,5.08,54.86,28.63,15.75,8.14,density50,26.25,in_distribution,T6,24.23,2.03
in_distribution,14,230,1,-,True,21.42,19.79,-0.75,58.06,25.17,15.43,8.58,density50,23.99,in_distribution,T6,24.23,-0.24
in_distribution,15,275,1,-,True,21.89,20.8,-1.61,59.52,26.96,15.67,8.48,density50,24.43,in_distribution,T6,24.23,0.2
spot_check,1,634,1,T1,True,-81.55,9.03,14.72,60.56,11.79,1.61,7.33,density50,-73.68,spot_check:T1,T1,-74.48,0.79
spot_check,2,254,1,T1,True,-81.28,10.19,10.72,63.34,6.99,1.37,7.73,density50,-73.43,spot_check:T1,T1,-74.48,1.05
spot_check,3,407,1,T3,True,-11.34,47.67,-35.02,35.85,-11.14,10.45,14.15,density50,-7.09,spot_check:T3,T3,-9.46,2.37
spot_check,4,321,1,T3,True,-13.13,46.84,-37.59,38.98,-9.71,9.88,14.59,density50,-8.79,spot_check:T3,T3,-9.46,0.68
spot_check,5,266,1,T10,True,43.03,46.3,-40.55,62.03,47.9,18.91,13.06,density50,44.48,spot_check:T10,T10,43.53,0.95
spot_check,6,558,1,T10,True,42.69,46.89,-46.56,68.32,50.13,18.51,13.74,density50,44.16,spot_check:T10,T10,43.53,0.63
