condition,seed,eval_cell,instance,failure_mode,n
density10,1000,new_positions,E1,contact_no_grasp,1
density10,1000,new_positions,E1,timeout_other,4
density10,1000,new_positions,E2,timeout_other,5
density10,1000,new_positions,E3,contact_no_grasp,1
density10,1000,new_positions,E3,timeout_other,4
density10,1000,new_positions,E4,timeout_other,5
density10,1000,new_positions,E5,timeout_other,5
density10,1000,reach_e5,reach_e5,timeout_other,5
density10,2000,new_positions,E1,contact_no_grasp,1
density10,2000,new_positions,E1,timeout_other,4
density10,2000,new_positions,E2,timeout_other,5
density10,2000,new_positions,E3,contact_no_grasp,2
density10,2000,new_positions,E3,success_after_missed_grasp,1
density10,2000,new_positions,E3,timeout_other,2
density10,2000,new_positions,E4,contact_no_grasp,1
density10,2000,new_positions,E4,timeout_other,4
density10,2000,new_positions,E5,contact_no_grasp,3
density10,2000,new_positions,E5,timeout_other,2
density10,2000,reach_e5,reach_e5,timeout_other,5
density25,1000,new_positions,E1,contact_no_grasp,1
density25,1000,new_positions,E1,timeout_other,4
density25,1000,new_positions,E2,timeout_other,5
density25,1000,new_positions,E3,timeout_other,5
density25,1000,new_positions,E4,timeout_other,5
density25,1000,new_positions,E5,timeout_other,5
density25,1000,reach_e5,reach_e5,contact_no_grasp,1
density25,1000,reach_e5,reach_e5,success,4
density25,2000,new_positions,E1,timeout_other,5
density25,2000,new_positions,E2,timeout_other,5
density25,2000,new_positions,E3,timeout_other,5
density25,2000,new_positions,E4,timeout_other,5
density25,2000,new_positions,E5,contact_no_grasp,3
density25,2000,new_positions,E5,timeout_other,2
density25,2000,reach_e5,reach_e5,contact_no_grasp,2
density25,2000,reach_e5,reach_e5,success,3
density25-fixedstep,1000,new_positions,E1,timeout_other,5
density25-fixedstep,1000,new_positions,E2,timeout_other,5
density25-fixedstep,1000,new_positions,E3,timeout_other,5
density25-fixedstep,1000,new_positions,E4,timeout_other,5
density25-fixedstep,1000,new_positions,E5,contact_no_grasp,1
density25-fixedstep,1000,new_positions,E5,timeout_other,4
density5,1000,new_positions,E1,timeout_other,5
density5,1000,new_positions,E2,timeout_other,5
density5,1000,new_positions,E3,timeout_other,5
density5,1000,new_positions,E4,timeout_other,5
density5,1000,new_positions,E5,timeout_other,5
density5,1000,reach_e5,reach_e5,contact_no_grasp,3
density5,1000,reach_e5,reach_e5,timeout_other,2
density5,2000,new_positions,E1,timeout_other,5
density5,2000,new_positions,E2,timeout_other,5
density5,2000,new_positions,E3,timeout_other,5
density5,2000,new_positions,E4,contact_no_grasp,1
density5,2000,new_positions,E4,timeout_other,4
density5,2000,new_positions,E5,timeout_other,5
density5,2000,reach_e5,reach_e5,timeout_other,5
density50,1000,new_positions,E1,timeout_other,5
density50,1000,new_positions,E2,timeout_other,5
density50,1000,new_positions,E3,timeout_other,5
density50,1000,new_positions,E4,timeout_other,5
density50,1000,new_positions,E5,contact_no_grasp,5
density50,1000,reach_e5,reach_e5,contact_no_grasp,1
density50,1000,reach_e5,reach_e5,success,4
density50,2000,new_positions,E1,timeout_other,5
density50,2000,new_positions,E2,timeout_other,5
density50,2000,new_positions,E3,timeout_other,5
density50,2000,new_positions,E4,contact_no_grasp,1
density50,2000,new_positions,E4,success,2
density50,2000,new_positions,E4,timeout_other,2
density50,2000,new_positions,E5,contact_no_grasp,4
density50,2000,new_positions,E5,timeout_other,1
density50,2000,reach_e5,reach_e5,contact_no_grasp,2
density50,2000,reach_e5,reach_e5,success,2
density50,2000,reach_e5,reach_e5,success_after_missed_grasp,1
density50-fixedstep,1000,new_positions,E1,timeout_other,5
density50-fixedstep,1000,new_positions,E2,timeout_other,5
density50-fixedstep,1000,new_positions,E3,timeout_other,5
density50-fixedstep,1000,new_positions,E4,grasp_drop,1
density50-fixedstep,1000,new_positions,E4,timeout_other,4
density50-fixedstep,1000,new_positions,E5,contact_no_grasp,1
density50-fixedstep,1000,new_positions,E5,timeout_other,4
